11,35000
11
13
19
32
33
32
8
31
9
14
38
10
8
36
1
26
16
21
3
3
22
26
20
38
31
25
39
39
37
21
6
8
25
16
31
10
7
39
32
8
4
29
17
12
16
9
37
23
29
31
25
2
8
5
32
39
21
30
37
10
2
34
9
18
9
39
27
8
37
18
15
1
38
23
4
5
31
40
28
11
23
4
5
30
40
36
28
13
17
16
22
10
9
30
19
18
28
6
17
17
15
23
9
5
5
12
9
27
3
36
29
25
32
33
7
31
20
34
3
28
10
16
37
10
5
8
27
25
13
35
33
27
17
1
23
13
12
32
39
6
19
28
31
10
12
37
33
32
22
27
11
23
3
40
33
39
7
11
23
19
38
7
37
14
7
20
27
10
3
17
16
21
36
38
23
40
26
15
31
39
1
1
14
35
40
38
34
6
40
8
16
37
15
5
11
13
16
29
23
18
37
30
38
25
27
20
24
4
26
6
2
27
38
7
21
30
4
6
35
4
14
3
40
28
39
2
40
14
22
14
31
11
35
20
35
13
40
10
16
25
15
10
3
12
16
16
1
12
21
28
15
34
22
14
13
20
8
5
33
29
10
23
31
5
34
25
17
25
34
33
2
8
34
4
12
1
11
12
12
32
39
26
17
20
32
30
39
39
34
23
19
3
37
10
39
31
26
16
15
20
40
16
19
33
12
30
33
22
34
5
5
24
22
22
36
13
11
34
3
36
9
14
30
5
23
29
27
8
36
2
19
35
9
30
27
12
11
11
26
4
7
30
20
29
11
15
33
13
40
36
40
8
9
22
5
23
10
31
22
37
24
1
31
25
22
17
36
32
27
13
28
26
35
7
14
37
21
6
10
20
33
1
20
33
22
24
15
23
14
37
19
38
29
9
14
10
17
1
33
36
14
20
21
8
26
26
4
38
31
5
18
16
6
37
8
19
12
15
34
25
11
12
14
39
13
27
40
29
28
32
16
33
12
36
32
29
21
27
27
4
32
36
19
29
24
18
39
35
32
32
11
34
4
25
24
16
3
23
36
22
15
12
6
18
39
37
38
12
24
24
7
7
11
17
35
26
34
33
20
18
25
31
11
20
7
35
27
1
17
14
23
23
17
28
32
8
17
30
19
40
5
25
6
8
1
32
33
26
16
5
3
32
27
14
3
33
40
29
33
16
35
7
31
11
27
14
18
3
3
28
34
40
12
31
7
4
22
31
30
29
35
24
21
21
37
23
13
36
4
38
4
38
36
26
40
14
39
18
8
34
5
1
25
9
23
23
4
36
13
33
25
8
9
37
28
5
11
33
33
14
22
28
3
9
5
3
23
35
12
30
20
8
23
4
8
37
18
12
33
31
36
9
30
4
5
17
1
15
1
25
21
14
4
23
23
8
25
37
34
28
18
6
36
40
1
3
37
19
14
21
9
10
29
38
5
25
6
5
39
39
29
11
12
32
34
26
31
10
22
17
38
40
22
25
31
22
27
19
40
33
39
40
34
19
29
38
3
27
35
34
25
23
4
28
7
29
14
29
39
27
37
28
26
18
12
9
32
38
27
23
22
18
23
15
28
11
13
23
37
39
16
13
13
11
1
19
40
6
40
38
32
36
25
10
6
36
18
37
25
36
19
7
5
33
21
33
36
25
15
24
23
22
37
36
32
29
6
23
26
37
20
17
25
36
18
22
23
27
10
40
23
20
38
19
13
10
3
40
35
9
23
9
30
11
36
14
31
34
36
16
22
8
33
38
35
2
19
18
29
20
9
3
40
6
21
4
15
16
3
1
24
17
2
6
28
37
11
10
22
38
26
36
5
10
33
32
11
4
1
39
23
9
33
14
14
6
17
20
21
11
21
4
28
22
1
7
10
11
16
24
1
33
19
5
2
3
36
5
6
36
3
21
36
28
26
9
33
3
29
13
5
1
8
24
22
1
30
31
11
38
14
11
30
24
8
24
27
35
28
24
23
30
4
18
9
30
19
1
24
39
13
20
39
13
4
12
13
33
34
23
22
40
26
12
23
25
35
9
11
22
25
33
3
20
3
12
9
13
12
24
11
17
4
1
29
39
4
1
31
37
15
5
36
32
16
11
8
2
11
19
15
35
11
9
15
5
12
15
17
16
31
19
32
26
11
12
24
14
4
14
11
18
18
38
2
25
40
9
18
11
27
32
5
30
33
11
34
4
26
3
19
8
21
2
33
32
13
16
5
16
29
7
26
39
37
19
15
36
27
33
38
14
16
35
35
40
5
20
4
22
22
14
29
3
16
21
34
20
36
30
28
17
29
5
7
25
23
21
12
9
5
10
14
13
4
40
12
8
20
7
22
1
21
10
3
28
31
28
39
18
10
26
34
38
22
40
14
4
13
25
5
9
34
18
21
29
18
25
29
29
31
10
29
3
11
24
22
1
11
21
19
20
38
4
9
20
36
22
23
8
7
27
16
32
37
29
21
6
13
9
34
35
10
22
30
20
5
11
13
8
23
23
19
21
26
28
40
21
9
14
20
15
33
36
39
21
16
19
26
20
19
11
14
20
24
35
39
21
38
3
28
12
25
38
32
3
25
23
23
26
29
35
32
21
22
30
33
37
40
18
16
10
20
21
29
3
8
20
15
5
22
34
16
39
32
40
1
8
14
15
33
2
9
25
14
30
6
6
18
6
15
25
15
26
38
36
29
5
15
35
1
28
29
8
26
20
7
18
27
13
33
12
6
1
36
20
23
1
17
32
38
24
17
13
9
14
40
29
10
6
24
10
33
12
17
11
23
16
28
1
28
20
4
33
13
39
4
27
32
13
10
21
36
26
25
36
31
24
25
32
29
40
1
14
3
10
16
17
17
35
17
36
15
21
20
19
11
24
37
34
36
6
7
23
24
31
18
6
15
34
38
35
25
30
40
27
31
15
3
7
10
12
2
16
24
22
26
26
37
22
12
24
19
18
6
34
8
15
40
14
9
29
9
33
10
40
12
1
15
6
7
16
17
1
31
40
22
8
18
10
21
29
33
39
6
38
25
5
4
24
19
4
4
19
29
13
18
40
13
24
5
12
39
14
12
21
13
25
20
22
34
40
10
26
31
7
15
15
12
18
30
22
22
33
32
2
37
9
1
10
25
37
13
15
10
24
36
15
40
7
36
33
7
38
10
37
4
24
3
7
33
32
20
6
16
11
7
12
20
7
13
36
4
25
10
5
8
37
19
7
4
15
31
10
4
40
38
7
23
32
6
16
23
25
21
38
36
28
1
7
26
14
2
21
38
11
26
6
8
4
4
11
10
35
12
13
34
1
12
9
32
17
16
6
33
28
35
28
7
35
34
33
8
27
5
6
38
30
3
37
26
38
39
27
32
10
40
18
2
3
18
25
19
25
30
3
12
24
31
19
18
16
3
26
3
7
23
32
29
25
28
14
14
18
40
38
19
31
15
20
33
24
4
3
8
33
6
11
8
28
29
17
35
31
34
29
30
16
12
18
32
39
23
6
8
14
3
26
37
9
5
29
24
40
24
31
24
21
1
31
40
22
8
34
4
1
23
33
9
34
2
40
25
16
37
32
30
31
10
26
39
14
6
14
14
21
36
29
1
29
20
40
10
19
26
13
11
40
38
19
25
31
11
9
7
7
33
36
38
34
13
28
7
18
34
12
39
29
1
31
17
12
31
26
22
8
31
32
7
20
11
31
2
13
32
8
19
16
35
8
9
7
28
15
17
21
19
15
9
11
37
18
14
19
3
35
26
25
18
32
36
28
15
38
40
6
5
11
21
32
10
29
38
37
35
6
9
5
12
10
7
9
27
20
27
21
6
13
38
24
36
33
3
10
22
35
7
19
5
27
10
6
7
39
35
34
5
3
38
16
4
37
16
30
16
3
3
14
7
40
37
34
24
39
4
6
33
2
24
29
21
33
35
27
31
21
12
27
15
2
35
19
38
10
40
5
12
2
18
18
1
14
4
17
5
39
22
29
40
5
18
20
37
4
39
19
16
10
6
30
3
40
8
40
1
8
5
13
1
14
22
34
28
25
10
24
23
31
12
15
35
21
34
23
16
24
1
31
34
38
21
28
29
28
28
30
27
24
34
28
37
15
21
16
32
22
39
6
12
3
20
6
23
6
20
31
29
20
21
14
10
1
2
30
21
29
19
39
4
4
18
40
11
30
8
2
11
38
39
22
40
19
19
15
24
38
5
12
10
25
26
11
18
27
40
30
7
11
28
10
6
38
1
16
27
8
17
38
38
8
11
37
26
22
3
1
11
7
12
12
24
29
22
33
7
14
22
13
16
1
14
21
38
7
37
25
6
5
14
3
12
24
32
29
5
34
29
16
33
33
27
16
13
1
8
20
14
21
24
21
21
30
1
19
36
29
35
1
26
8
4
37
23
27
18
20
20
6
35
12
30
13
19
3
13
26
22
18
6
37
30
19
26
31
29
13
11
23
14
36
22
9
25
36
35
2
15
6
39
9
18
29
14
36
31
18
14
4
28
19
40
17
29
18
39
17
30
10
31
3
5
12
3
21
40
37
22
14
35
21
15
12
9
28
39
31
5
12
34
32
23
25
1
11
2
39
20
32
8
10
26
5
14
29
25
13
17
39
26
11
19
40
14
19
19
13
1
16
16
34
39
30
10
39
1
12
38
12
35
5
21
20
1
34
40
26
38
9
24
16
11
34
7
17
4
26
21
4
1
36
29
39
26
38
38
18
9
27
29
35
23
9
7
24
35
38
1
24
6
16
39
9
9
6
25
4
23
5
7
23
40
35
13
17
24
2
34
25
28
14
19
11
23
25
34
9
23
34
24
20
1
23
28
1
20
4
4
2
8
2
16
40
28
28
16
11
22
2
35
9
15
6
19
29
22
12
29
36
37
13
16
29
27
35
29
6
39
32
39
38
25
6
37
12
25
5
15
6
38
9
15
12
6
33
33
28
37
21
23
25
25
30
14
11
17
34
8
7
18
38
4
2
3
33
14
28
29
28
33
26
28
7
29
26
32
21
13
20
34
27
4
10
9
9
21
17
3
20
23
20
18
18
21
12
2
26
31
22
5
24
7
25
22
28
10
5
40
14
24
25
32
20
35
40
28
7
8
22
18
22
33
27
40
14
39
33
31
29
15
36
4
13
20
18
32
21
22
32
34
38
16
25
17
2
17
36
8
16
18
18
38
10
4
37
15
2
21
38
23
27
25
18
40
36
35
31
16
9
14
9
6
22
25
14
15
33
9
23
9
18
40
6
20
35
34
34
37
14
31
11
33
7
28
32
2
23
14
17
23
20
17
28
1
34
1
15
26
9
29
26
19
20
31
38
15
16
31
3
22
14
5
14
20
32
37
22
6
10
30
28
21
7
15
21
40
7
28
17
8
8
3
26
20
25
23
26
1
5
20
22
10
24
27
30
15
23
3
13
24
32
40
5
30
7
17
29
5
36
6
12
4
40
37
15
24
11
40
24
16
19
37
25
2
23
6
8
37
40
20
13
32
12
17
13
10
33
34
14
21
31
26
24
30
14
30
13
25
29
37
40
7
25
16
40
40
22
7
36
21
19
8
4
30
16
17
31
1
2
4
21
32
29
36
21
3
25
33
19
5
21
18
3
6
25
2
37
6
40
24
27
18
24
22
39
39
30
29
31
31
33
11
22
13
38
2
7
14
27
17
18
7
26
20
4
11
21
32
16
13
16
34
30
39
8
21
29
37
1
20
28
25
22
1
30
20
35
36
33
21
5
11
19
30
22
15
40
3
6
16
15
13
1
36
11
8
8
40
5
1
11
24
25
32
16
14
3
10
2
36
22
6
38
1
35
19
7
35
13
12
2
19
17
34
7
27
2
6
18
38
6
20
13
31
12
28
36
14
38
29
1
19
34
30
11
21
1
17
7
5
21
8
24
37
1
22
15
34
27
25
31
25
4
35
7
15
23
2
21
12
31
13
22
16
3
33
36
35
1
2
39
13
1
14
9
2
27
16
27
6
40
10
30
3
4
36
10
26
37
30
29
19
34
11
35
28
3
30
22
35
24
21
8
24
26
8
17
13
23
4
18
22
13
7
25
8
34
34
26
30
15
14
1
8
24
35
28
18
16
9
5
39
21
12
23
7
19
31
19
2
34
28
23
38
34
39
6
27
24
31
8
30
36
8
38
20
34
25
29
2
25
33
40
6
36
14
4
15
5
22
8
30
9
30
20
34
21
25
12
4
7
11
34
2
11
23
13
4
39
34
37
15
18
37
20
14
2
23
28
38
36
35
28
36
16
7
21
28
23
32
24
21
35
9
14
5
31
27
40
21
12
37
35
29
25
7
2
26
21
21
24
17
7
3
4
15
1
25
2
15
8
25
35
34
33
8
38
15
26
30
27
37
18
14
18
2
20
11
19
40
32
34
8
30
36
4
4
28
28
6
2
27
22
28
21
7
36
10
21
13
31
8
2
8
21
19
9
32
29
20
23
12
13
31
2
1
26
37
20
5
34
22
31
16
9
3
22
36
5
34
9
35
33
10
3
5
20
3
28
40
22
11
4
27
33
37
27
18
33
6
22
27
19
4
34
20
39
7
7
3
40
7
29
25
8
23
21
27
26
9
27
39
19
30
17
11
26
3
28
10
1
1
28
11
4
21
30
2
27
29
36
19
35
25
35
3
39
15
29
24
23
7
15
1
28
31
11
5
26
30
15
18
22
2
28
26
15
10
19
1
38
7
11
32
23
5
34
21
20
15
37
2
21
11
35
9
33
37
5
18
27
19
35
40
13
15
17
27
24
28
27
21
34
30
12
8
34
38
28
5
12
16
39
32
18
33
32
11
29
37
20
7
7
7
7
19
21
23
5
36
10
24
16
35
13
19
34
38
16
14
35
27
29
33
11
7
25
2
9
5
30
20
12
37
26
10
7
38
32
12
33
34
27
40
20
31
19
14
28
34
27
22
13
7
6
23
13
30
16
13
35
6
33
38
34
10
7
40
40
30
3
32
15
29
32
27
19
2
40
39
35
18
12
7
24
10
21
29
39
37
1
25
34
25
14
27
27
12
18
26
2
21
9
8
1
32
34
12
33
25
2
20
2
13
18
18
22
39
6
13
27
38
29
20
15
35
6
33
6
23
18
39
35
18
7
36
10
32
7
34
17
8
5
10
12
23
19
26
13
16
30
39
14
10
18
20
4
15
12
2
29
21
40
16
30
38
11
39
22
9
25
38
8
29
39
19
11
18
36
15
33
25
13
38
27
22
9
22
28
20
23
9
32
15
24
22
4
26
12
25
26
36
14
33
17
13
3
19
22
39
34
14
15
38
4
1
20
12
23
39
24
37
7
15
11
22
36
15
39
40
39
24
35
13
16
11
17
19
30
38
17
15
3
31
12
6
24
31
18
6
22
33
2
20
7
5
2
35
19
32
34
9
16
20
13
31
23
29
1
4
26
9
18
21
32
21
26
15
12
35
12
25
27
5
4
26
9
37
12
19
29
37
20
36
16
32
18
30
21
19
25
38
27
2
18
18
23
36
24
26
30
35
2
9
32
5
26
40
34
37
11
14
33
30
9
40
21
26
22
33
4
6
31
23
40
40
32
14
35
16
31
17
2
32
17
33
28
2
25
21
30
35
34
14
24
34
13
36
20
34
29
15
32
11
37
31
2
29
4
29
36
26
5
29
17
13
22
4
6
6
17
35
32
2
8
15
36
12
10
15
38
30
21
29
40
18
11
2
38
14
30
25
39
26
13
7
30
34
2
35
31
10
21
22
12
20
28
39
23
38
5
20
27
25
40
19
2
10
12
31
15
1
15
5
18
28
11
7
13
5
33
4
14
5
17
25
24
5
15
38
34
19
10
12
4
9
30
37
11
33
28
25
33
34
22
2
21
24
40
26
28
32
29
34
28
37
18
3
1
25
1
26
3
10
38
6
18
19
3
20
12
22
37
36
15
18
30
28
1
29
13
21
13
33
14
40
29
23
3
22
7
3
39
10
4
36
7
13
7
1
33
18
22
29
5
29
6
34
16
38
23
28
18
27
12
23
26
40
6
20
13
12
14
12
13
17
39
20
30
5
20
22
14
34
2
11
22
7
4
37
36
18
16
6
36
19
28
22
18
33
1
23
37
7
26
9
23
24
20
12
21
40
25
34
33
26
36
6
24
32
34
20
9
1
17
37
19
4
18
28
37
10
10
25
16
35
25
31
11
5
2
31
36
19
16
20
4
12
25
20
35
18
31
35
18
7
31
28
10
8
15
38
10
25
22
17
11
7
7
21
11
1
3
6
19
11
25
22
14
1
33
8
10
23
2
19
29
33
6
39
32
20
36
33
4
10
10
7
8
16
19
10
8
14
7
26
24
23
40
37
23
32
36
32
15
37
10
3
21
15
33
13
34
21
5
30
30
6
28
37
14
6
38
21
11
4
7
34
26
6
22
8
29
17
31
3
6
32
38
26
6
30
38
31
2
35
12
31
40
39
19
13
37
16
34
7
11
40
33
36
37
6
35
17
23
25
20
28
16
9
5
13
30
3
36
32
29
39
22
28
30
33
1
26
40
26
24
11
17
8
38
5
14
33
21
28
9
40
7
17
8
11
29
30
5
16
21
33
15
2
21
4
26
13
21
26
30
36
28
6
36
25
10
9
17
30
28
18
22
34
34
21
4
14
10
1
22
30
33
36
24
5
31
9
9
11
26
38
38
13
3
33
30
12
33
38
34
20
15
15
13
40
35
9
14
5
9
35
34
33
22
17
38
12
26
38
14
3
36
11
16
30
36
37
34
28
34
27
40
1
1
4
40
35
12
13
39
12
39
25
37
20
1
34
23
18
23
36
21
18
39
28
40
34
24
33
13
9
19
12
9
11
8
9
5
11
13
36
23
12
20
19
23
12
4
6
30
18
1
2
36
39
21
27
24
36
19
29
4
37
32
5
7
39
13
3
10
17
30
24
20
9
34
3
13
29
8
2
6
40
35
33
31
15
19
6
10
37
34
5
25
26
9
23
24
13
26
25
30
15
8
1
16
33
3
28
21
2
21
27
2
7
11
24
21
30
29
22
18
23
18
3
8
27
25
23
31
2
8
12
9
15
13
16
8
15
35
20
9
7
6
10
13
9
33
25
38
21
6
15
35
23
9
2
1
26
25
32
27
32
35
27
38
7
34
37
14
28
17
22
34
14
23
6
22
7
30
19
27
27
26
22
2
34
15
2
11
39
25
38
22
20
16
20
18
10
8
23
29
24
4
15
38
18
12
19
24
34
30
3
20
7
24
21
32
30
15
3
21
31
32
2
2
7
13
20
8
21
34
29
4
30
3
33
7
14
4
31
7
25
33
19
31
8
31
22
37
37
16
17
28
7
11
29
6
23
40
5
35
34
33
31
23
35
23
29
1
18
11
39
2
35
9
32
2
40
6
31
36
21
39
15
28
1
36
33
16
35
37
10
20
22
32
2
8
15
23
40
32
25
39
34
20
7
17
13
38
22
35
26
35
26
32
22
26
27
6
33
22
34
3
33
15
26
27
15
40
9
14
24
25
12
9
4
11
17
9
40
31
3
25
25
28
17
6
6
35
3
38
8
36
32
1
3
18
27
17
9
27
22
24
11
26
32
15
36
1
23
27
31
17
12
15
37
20
12
2
14
14
31
14
1
15
14
3
32
40
11
32
26
33
16
36
18
39
2
5
39
16
31
29
25
34
3
21
5
6
14
11
19
36
24
20
10
37
14
1
28
25
25
5
9
40
32
26
30
34
22
29
1
12
9
25
6
4
5
2
9
10
12
28
6
35
7
15
23
12
8
10
36
32
14
4
23
6
21
12
31
2
40
31
6
1
16
3
4
12
4
12
22
16
31
27
2
29
33
25
1
40
26
36
23
32
32
5
37
4
17
19
6
8
9
11
8
16
13
3
20
16
15
33
23
37
11
25
26
3
1
26
3
26
13
17
17
36
22
5
40
30
23
5
37
24
7
37
31
11
39
2
18
5
34
1
2
4
17
19
7
9
4
1
34
8
17
3
4
38
39
35
27
14
31
16
37
37
4
19
7
2
21
16
39
14
16
40
18
24
18
16
32
13
16
18
12
32
12
7
22
10
1
40
23
31
7
11
19
10
30
17
12
10
33
10
15
40
1
24
24
10
39
7
14
14
24
25
38
35
32
11
37
24
10
19
15
17
30
25
26
19
2
29
20
34
30
34
33
30
10
8
31
8
15
4
14
30
29
3
17
12
13
13
35
14
31
1
30
12
26
8
30
27
28
1
12
18
27
36
39
36
36
30
3
2
33
8
31
13
10
39
24
14
11
11
28
34
11
9
5
36
16
27
14
4
19
17
13
5
5
11
40
40
32
35
1
17
34
23
29
4
22
5
17
24
15
36
9
25
5
6
13
12
24
18
7
2
35
19
7
39
22
38
30
13
24
30
29
10
4
10
5
25
14
13
1
28
9
9
4
13
6
16
24
29
34
23
31
20
1
29
10
14
18
39
27
34
20
7
3
23
16
7
40
29
11
40
8
19
40
12
23
6
27
39
26
12
21
8
23
13
28
32
27
38
30
5
31
9
11
25
32
19
23
31
39
33
22
7
4
13
18
26
18
36
24
36
40
4
3
22
17
31
14
3
28
35
39
10
4
9
26
27
19
40
9
18
32
30
16
35
2
33
13
12
20
36
39
19
40
1
1
8
23
6
2
2
40
40
3
35
40
28
21
11
27
21
28
11
10
3
37
4
27
9
7
38
37
5
9
28
37
9
35
20
6
28
13
5
19
16
40
10
35
12
20
14
33
39
24
34
33
12
29
19
13
35
9
9
31
17
28
28
17
14
39
22
1
11
18
19
18
9
20
13
13
40
26
5
38
1
30
31
4
19
1
16
5
9
16
36
17
3
23
33
16
21
6
8
23
24
18
1
24
38
5
36
37
30
40
26
22
22
8
25
40
9
33
36
9
40
31
26
35
5
10
2
17
16
10
40
31
19
32
14
16
36
2
4
17
33
30
38
14
37
14
5
37
38
1
38
30
31
15
24
36
24
25
4
31
26
3
13
5
26
19
20
21
20
16
37
12
5
26
18
33
32
22
22
21
22
19
10
5
33
33
32
8
10
35
39
35
30
11
39
15
29
11
36
40
26
24
12
22
2
29
6
33
2
27
13
24
37
15
28
29
7
11
37
16
5
27
11
34
37
1
9
18
11
36
17
36
11
20
9
12
40
15
4
2
1
9
17
30
23
4
18
21
6
6
29
10
32
39
36
21
31
36
30
2
31
38
29
33
18
38
5
9
4
40
10
36
40
26
25
22
21
35
35
26
40
23
28
24
13
23
4
3
10
25
36
32
22
17
24
31
6
28
40
9
28
1
36
27
27
21
1
39
15
35
17
14
9
4
37
21
18
32
15
27
16
11
10
38
27
33
20
32
21
19
32
40
20
27
18
38
7
18
36
13
4
12
19
12
7
7
24
24
39
39
2
6
9
11
35
27
4
15
10
16
25
1
7
36
19
24
33
18
34
21
30
37
32
40
1
31
7
24
14
37
22
8
34
22
10
29
40
5
35
9
12
11
1
18
7
20
2
31
29
35
11
10
23
35
10
15
25
16
39
30
4
12
37
37
26
39
17
25
3
3
34
15
14
26
24
20
37
25
10
25
11
13
35
26
7
4
40
31
11
30
12
6
2
9
2
27
39
11
3
1
13
28
7
26
14
31
37
10
7
39
27
10
11
21
35
17
16
26
39
18
16
10
23
17
10
24
35
8
26
29
1
39
17
39
16
22
29
13
23
28
11
9
37
13
21
23
29
36
8
27
5
23
28
27
31
38
3
17
37
28
6
37
18
22
36
34
3
16
38
25
35
8
34
31
12
6
13
40
34
13
18
38
35
5
25
26
34
19
2
31
6
7
19
16
20
14
9
22
22
6
39
16
5
24
39
16
29
3
7
22
15
24
20
2
20
36
27
6
6
20
36
11
19
14
18
30
20
26
4
33
23
2
8
27
25
38
2
5
1
40
27
7
15
38
8
35
25
26
32
30
38
19
32
8
32
10
37
3
35
40
35
10
33
35
36
17
24
30
22
16
29
40
23
4
29
30
30
13
8
21
34
5
39
25
12
22
34
8
17
21
40
3
30
32
29
17
1
13
38
14
28
27
13
2
22
33
24
3
5
31
15
38
35
5
14
6
18
40
5
34
12
36
29
33
28
17
9
20
21
7
33
1
25
37
2
6
29
25
40
25
15
14
14
1
18
27
38
35
26
3
21
37
38
9
29
17
25
30
28
38
36
12
38
12
40
31
9
28
8
8
4
14
21
17
15
30
4
12
24
21
6
4
18
36
12
38
4
29
27
24
18
14
35
7
25
35
29
25
14
36
32
18
2
4
26
8
33
29
11
17
2
17
12
19
4
16
8
7
36
27
30
13
40
17
19
17
11
7
1
16
35
25
33
36
28
11
35
21
31
5
29
32
13
40
2
16
15
10
15
10
36
36
14
27
12
32
35
14
31
28
30
25
12
14
12
39
24
38
11
15
2
39
38
15
31
40
22
5
1
36
7
36
32
20
14
35
4
9
9
26
28
30
2
39
3
5
29
19
2
32
25
3
30
22
17
20
21
31
17
21
26
15
8
9
26
14
4
29
14
4
14
1
33
7
39
27
11
19
37
12
10
21
15
32
35
23
11
15
13
19
28
31
33
27
39
19
40
34
39
13
37
5
13
21
11
3
40
22
22
28
33
23
9
39
14
35
14
17
9
26
35
28
16
20
15
7
38
6
40
28
19
37
32
23
9
35
26
40
16
39
28
40
13
28
39
19
22
12
35
22
29
21
10
37
40
16
3
29
21
34
9
31
22
40
14
31
34
31
30
1
21
17
1
33
4
31
11
25
34
37
7
22
18
8
10
9
15
4
30
35
38
38
18
19
29
23
1
15
13
23
15
25
39
7
9
35
37
12
11
30
8
9
4
17
8
5
26
22
9
7
9
38
4
26
8
24
8
9
38
12
31
5
28
21
11
36
7
8
7
18
29
15
18
24
31
26
29
8
39
29
14
7
26
9
32
33
33
31
33
22
34
23
26
21
36
37
17
2
36
15
11
16
29
29
32
12
6
20
11
4
40
17
11
17
25
34
9
9
17
2
23
2
16
8
23
11
36
31
5
23
5
15
31
26
35
22
29
40
33
39
36
32
15
6
8
32
31
8
32
39
1
14
1
9
14
23
19
9
5
15
24
1
30
14
18
16
35
6
8
27
37
3
10
3
40
17
34
30
16
26
29
17
39
29
25
4
3
35
13
39
10
36
31
31
9
9
38
35
14
5
21
2
7
30
5
6
38
38
28
5
15
8
21
6
28
37
9
30
24
13
20
25
40
10
15
40
18
4
34
24
9
6
17
7
27
21
5
24
11
32
29
25
39
1
30
26
30
31
7
13
3
18
37
3
27
3
2
37
6
36
12
6
1
28
13
20
9
17
3
19
40
23
35
38
16
17
15
5
7
13
9
9
22
5
3
8
7
5
36
12
32
7
18
24
35
22
3
35
38
38
5
37
20
39
26
27
15
32
23
21
36
31
22
17
35
24
16
33
20
12
37
11
10
6
35
4
27
37
30
16
34
34
4
6
33
29
24
39
12
7
12
7
29
33
23
16
8
38
8
28
9
36
38
19
1
24
14
19
13
36
34
6
29
29
3
13
17
19
4
28
17
15
26
5
7
8
20
14
6
20
1
6
7
31
16
8
14
22
18
26
17
4
24
37
32
18
2
1
36
5
20
12
19
6
9
17
13
20
30
10
31
23
8
38
5
23
37
18
4
14
36
12
9
11
9
1
28
10
33
16
6
12
19
24
9
19
40
14
39
21
23
29
35
30
18
39
5
14
9
8
20
4
20
28
6
20
20
33
21
12
40
26
16
19
9
24
37
40
37
27
20
12
8
15
1
25
5
5
31
13
5
10
16
16
29
21
35
1
6
15
12
37
40
19
15
40
3
4
39
31
22
10
2
29
16
35
6
21
31
28
33
27
29
1
2
9
13
28
9
10
2
21
7
33
39
13
32
33
8
22
16
30
32
17
10
39
3
7
19
26
34
4
12
14
4
6
23
16
33
31
18
27
3
24
19
34
36
3
26
4
16
1
25
39
10
34
38
4
1
8
29
26
11
33
40
14
38
22
22
30
4
39
8
7
14
19
40
9
21
25
4
28
18
28
27
19
14
24
22
6
31
3
31
34
35
22
7
24
35
20
13
39
18
21
5
31
31
36
32
11
20
27
38
29
15
16
39
28
31
13
33
14
15
15
7
1
29
5
24
15
25
28
13
34
40
9
17
30
4
8
40
16
34
30
36
40
37
35
19
28
7
3
33
13
18
39
13
38
3
36
12
27
23
17
21
23
17
37
12
13
36
4
28
21
25
15
21
13
9
39
40
7
2
32
19
11
22
31
40
25
18
11
3
1
19
15
15
36
3
18
8
38
13
27
11
29
1
31
2
10
21
33
16
14
17
27
16
38
17
15
14
35
18
17
27
36
31
33
31
34
2
30
23
7
16
33
35
17
15
28
18
28
21
33
1
37
11
17
26
28
23
40
14
40
16
32
36
38
16
18
23
17
8
6
23
23
30
18
39
5
37
16
32
17
1
24
5
11
32
31
30
15
30
35
14
37
26
9
26
1
19
9
10
26
6
32
8
27
1
39
31
38
6
14
6
38
30
11
1
21
33
30
27
22
17
1
10
2
1
27
35
19
35
4
4
32
27
4
19
20
34
1
9
39
7
14
29
36
16
29
8
8
10
35
21
26
27
22
20
27
9
14
38
35
9
1
19
27
36
37
6
29
29
6
20
35
20
8
22
27
36
22
27
37
8
7
23
34
21
2
20
29
7
17
15
15
10
33
1
37
21
39
26
10
4
37
36
15
4
10
2
31
31
28
27
38
26
9
23
6
10
2
26
8
11
1
22
12
33
15
8
14
13
25
15
16
21
10
23
24
11
24
6
33
3
33
22
28
1
4
26
3
38
11
10
8
3
24
11
36
38
10
1
2
35
7
17
7
8
31
31
19
14
28
11
8
20
25
28
13
28
13
7
25
15
8
24
18
31
26
5
20
36
37
21
30
3
30
36
2
20
18
20
34
6
23
33
17
39
20
29
26
24
35
3
39
3
26
16
25
12
12
5
7
8
25
28
2
14
15
3
34
25
15
19
30
29
11
6
27
23
27
4
6
21
6
36
15
32
3
40
35
14
4
33
13
20
20
14
34
26
9
19
10
15
37
31
3
39
29
21
13
15
24
19
27
30
14
2
13
17
1
7
22
36
31
35
15
10
40
40
27
8
18
37
22
6
27
16
37
15
36
9
29
20
27
16
9
33
9
13
1
1
19
22
28
9
16
2
10
16
34
36
15
3
24
37
9
11
4
5
17
40
5
38
11
32
5
11
16
13
23
16
5
1
29
32
1
5
25
2
12
18
29
26
21
13
14
21
15
18
25
23
9
29
20
19
12
16
29
19
28
11
26
24
3
15
15
35
19
40
36
22
17
16
7
29
28
13
9
34
22
25
17
30
14
28
8
17
4
28
28
23
30
13
7
32
27
21
18
37
20
13
10
29
20
9
17
8
21
26
33
2
10
9
23
15
29
30
24
32
9
3
6
38
15
12
29
34
25
38
22
36
10
32
16
21
40
33
28
12
10
13
13
19
13
35
26
1
16
1
24
24
3
30
13
17
33
33
2
9
30
24
5
31
7
20
11
6
4
31
9
13
3
21
24
15
7
9
16
14
9
39
29
11
20
1
19
5
33
21
13
22
36
9
12
2
21
14
39
24
4
7
29
6
19
12
21
17
12
28
30
12
18
18
14
38
10
24
2
2
4
6
15
31
15
18
24
35
31
14
10
35
20
30
32
30
33
12
6
4
39
35
7
17
4
20
6
13
4
39
6
39
4
12
22
10
29
5
4
12
19
6
6
30
35
37
20
28
1
17
23
31
4
22
39
7
1
36
12
36
34
9
27
38
21
8
7
1
4
3
12
22
40
9
4
26
38
23
5
38
31
28
20
34
9
19
33
1
14
36
29
8
4
15
37
16
14
35
17
17
37
28
31
28
37
34
14
34
8
18
23
38
37
2
24
37
20
16
30
26
3
18
25
6
24
21
22
29
15
38
5
4
17
27
31
13
20
36
38
19
14
20
9
2
22
32
31
33
39
20
18
1
29
2
38
12
14
11
40
29
8
36
24
17
23
6
29
34
2
19
5
7
38
13
40
11
4
30
36
34
9
13
26
29
7
23
40
20
34
31
40
33
19
15
9
33
21
30
18
14
8
22
12
37
34
11
40
29
33
35
14
33
39
39
22
5
22
13
17
7
4
8
39
14
23
8
6
35
29
23
40
36
37
11
24
30
13
23
11
5
17
24
38
8
23
19
12
4
31
20
10
26
28
40
39
2
7
36
28
27
11
27
22
7
37
38
28
1
20
38
6
29
22
3
36
4
13
39
39
3
11
40
21
30
31
19
23
30
7
10
16
17
36
38
15
24
35
2
24
6
40
21
26
13
23
21
8
27
12
38
30
22
37
10
3
27
20
25
8
26
34
24
34
21
21
8
36
7
2
19
4
1
32
30
5
6
2
12
33
13
9
14
26
37
23
20
15
34
4
23
12
37
6
37
9
18
5
4
16
6
15
19
38
6
8
34
11
2
5
3
14
5
16
32
1
30
11
7
16
7
29
27
35
26
23
4
3
19
7
10
16
21
29
5
18
28
38
29
29
34
23
35
38
39
18
30
20
20
37
35
26
17
21
21
3
36
24
37
6
22
7
22
35
27
18
12
14
16
32
35
9
15
29
39
13
38
28
24
17
24
19
3
1
31
15
35
18
38
31
24
11
29
5
5
15
14
9
29
29
40
23
30
14
3
20
18
40
7
2
16
23
12
10
15
2
24
9
20
13
31
3
24
20
39
20
34
12
20
14
33
20
28
14
25
30
33
35
21
31
36
37
13
39
38
27
40
22
35
11
26
26
5
1
37
3
21
30
7
32
4
31
11
31
36
28
13
20
22
33
10
9
21
23
7
19
9
38
32
36
9
17
13
13
18
9
8
30
38
6
21
33
28
24
24
15
3
28
34
24
20
3
24
1
25
22
11
26
19
34
21
19
10
33
24
19
33
23
40
30
28
13
23
7
36
38
21
30
25
14
13
36
8
28
36
25
9
38
10
27
31
22
38
33
6
21
11
38
3
11
19
22
15
33
28
10
30
40
39
6
5
3
2
12
30
29
28
30
27
29
16
17
2
13
1
7
25
12
36
27
14
7
8
28
39
27
29
21
18
19
26
14
13
19
18
34
8
5
23
26
34
38
34
35
3
35
34
27
38
21
6
11
27
5
30
18
24
18
38
1
28
15
7
40
26
24
33
25
28
15
10
13
4
3
40
38
29
33
17
26
5
22
36
24
26
17
1
9
34
30
2
13
36
8
12
21
31
4
5
10
10
6
15
14
1
14
3
29
38
19
15
2
40
2
25
18
19
25
18
4
6
19
17
2
18
20
22
40
16
19
10
25
24
24
30
16
29
25
5
26
3
11
27
3
12
4
20
22
20
29
18
26
8
26
19
17
5
32
17
20
10
18
37
26
33
18
1
21
2
37
6
37
7
24
39
11
19
10
32
31
38
1
16
37
26
26
14
31
17
30
2
19
39
30
36
31
40
28
11
33
25
8
29
31
23
19
33
34
20
17
24
10
17
39
6
3
16
11
25
32
32
18
2
30
40
37
20
31
25
22
23
1
21
4
31
4
22
16
37
2
32
12
3
8
10
8
2
17
11
18
8
2
28
10
24
27
38
35
9
14
17
31
14
29
34
5
32
8
12
20
1
3
31
3
2
32
2
4
8
12
13
8
6
40
9
29
18
38
23
26
12
31
9
25
20
34
21
3
1
32
15
1
34
37
3
36
21
5
31
20
16
35
27
13
27
27
1
4
25
16
22
36
38
22
20
17
15
1
12
16
24
26
8
18
14
11
5
34
7
27
14
14
13
32
27
39
19
19
35
35
34
16
30
32
29
1
40
3
33
3
10
17
28
18
26
34
20
22
27
26
40
40
31
12
24
17
11
2
36
5
36
21
12
17
12
40
17
4
2
2
6
4
18
26
13
35
19
32
16
37
9
15
29
39
26
12
8
36
13
35
40
40
15
11
16
19
2
24
22
4
25
19
39
34
4
11
28
14
34
3
11
2
17
39
32
35
2
31
22
14
25
22
5
40
24
20
18
26
35
31
21
20
9
11
5
5
21
33
10
6
35
12
7
4
2
30
30
3
21
11
16
5
24
12
36
40
31
13
17
18
35
29
29
36
39
33
32
11
25
1
16
12
13
14
7
6
3
28
9
15
38
16
12
14
28
7
13
10
20
29
27
6
17
7
1
7
40
32
17
16
33
24
19
37
37
17
2
31
4
2
6
34
18
17
7
5
23
11
6
34
39
33
40
7
31
32
13
30
24
21
38
8
4
8
4
32
25
37
22
20
39
19
13
8
35
11
12
10
21
9
35
11
1
26
17
24
18
21
13
33
33
2
40
36
10
35
27
26
23
1
5
21
19
10
28
14
12
31
15
33
40
1
35
32
19
4
15
36
24
20
20
17
21
19
4
22
5
23
7
27
23
4
8
1
5
27
6
16
10
12
40
1
13
35
24
31
38
39
18
13
10
29
21
22
7
25
4
11
7
2
29
29
37
28
21
1
15
27
9
16
38
40
16
2
26
31
24
15
29
33
28
30
21
8
12
19
24
7
29
30
40
18
10
29
5
23
29
11
9
29
18
38
29
25
32
14
16
7
29
36
40
8
26
20
15
29
39
31
27
19
12
26
28
14
14
25
36
35
27
36
15
5
25
3
21
16
9
36
23
29
24
14
36
9
25
2
29
23
32
15
34
4
32
13
17
38
37
12
24
16
39
38
12
23
33
32
31
1
20
5
21
3
18
16
3
2
17
31
17
1
37
2
4
20
14
12
17
3
15
32
18
13
22
21
35
14
12
17
6
23
21
26
25
38
33
19
32
9
1
8
9
29
1
4
9
14
15
17
8
21
9
17
33
30
37
20
35
1
36
32
23
17
17
40
6
1
10
37
9
11
36
10
31
36
13
39
2
20
16
9
40
16
18
25
37
14
4
31
6
39
22
21
7
30
12
13
30
21
1
30
23
37
39
14
24
4
12
25
15
19
26
6
26
3
30
22
8
33
12
14
24
25
34
30
6
5
34
27
17
35
17
32
31
7
5
6
2
8
31
16
19
8
22
4
2
11
26
9
36
29
22
19
6
7
40
11
3
34
38
20
28
6
3
10
12
7
15
6
6
37
21
24
36
34
28
37
37
5
6
32
25
19
2
30
26
33
1
20
18
30
31
37
27
33
6
30
39
13
35
37
1
16
20
37
1
39
33
37
35
30
20
20
9
13
9
26
6
1
5
15
22
36
12
8
28
9
38
19
21
32
15
14
39
26
10
40
25
34
28
19
24
40
30
32
12
39
17
9
31
13
24
13
8
27
20
28
35
9
6
16
1
12
29
31
37
30
22
13
23
2
24
6
1
13
29
4
3
37
5
34
10
20
6
9
6
17
36
40
26
33
7
18
4
27
8
33
16
30
5
31
23
20
28
23
33
17
18
27
5
22
20
14
1
25
23
38
34
10
38
19
3
4
28
38
31
35
30
38
16
27
28
38
6
16
12
30
24
30
17
28
11
36
34
4
13
8
1
38
17
38
16
11
34
35
9
16
29
38
5
37
24
33
26
30
40
38
11
15
27
27
2
29
15
27
32
19
34
25
16
11
14
23
21
39
17
21
14
37
19
11
33
2
35
19
23
34
16
26
8
34
12
1
14
18
20
38
36
13
22
11
15
27
33
28
26
1
8
39
38
26
1
30
20
35
40
34
28
7
11
27
40
23
20
6
40
39
3
28
3
24
30
18
10
23
37
27
15
4
18
12
22
18
34
33
13
33
18
32
40
29
19
31
3
30
36
34
20
38
21
22
13
11
31
15
25
27
1
39
23
18
3
36
36
36
20
40
28
37
31
19
17
1
10
11
30
37
5
1
35
17
15
39
19
5
5
3
24
38
34
38
15
28
25
2
23
4
1
2
32
24
21
9
24
22
19
6
18
15
6
4
32
20
35
10
17
39
5
32
36
30
21
3
17
5
36
31
8
29
32
39
12
4
39
27
25
10
32
35
16
30
38
7
1
32
9
9
23
13
40
10
2
20
12
10
24
40
40
23
28
31
14
31
27
4
17
11
13
1
5
29
30
35
27
30
26
27
39
40
39
30
10
32
10
21
33
25
20
32
40
39
15
13
29
1
16
38
3
21
38
8
1
27
2
19
8
19
6
6
19
4
36
28
28
37
40
12
13
12
4
12
2
10
24
31
2
32
20
4
12
17
3
12
35
36
30
2
15
27
40
25
23
35
4
10
23
35
13
27
38
16
39
40
17
14
22
18
37
1
22
8
17
24
11
3
20
33
4
26
19
3
2
1
29
5
2
3
31
15
30
29
22
20
28
31
25
9
8
22
1
21
21
9
5
24
11
16
16
14
33
26
9
34
19
37
30
12
40
20
18
21
8
32
40
27
22
24
35
21
5
35
2
18
35
38
1
5
13
8
19
37
33
27
30
3
15
11
15
6
30
24
26
30
15
25
16
28
1
3
9
37
29
10
14
24
7
14
28
11
21
38
7
6
16
28
40
31
38
14
36
19
30
14
8
36
30
16
24
30
18
32
27
6
33
32
29
39
38
9
1
10
6
7
15
14
26
15
4
15
20
31
33
1
36
33
37
26
8
20
15
25
3
33
22
35
17
3
25
14
11
25
23
8
23
30
21
8
36
16
22
7
39
6
8
34
38
4
19
37
23
26
21
25
10
35
11
26
37
35
39
39
19
14
38
1
35
19
40
30
26
13
36
24
18
3
10
8
38
20
4
20
37
17
36
7
11
38
24
39
32
15
29
10
28
26
2
22
36
33
3
14
5
38
29
15
33
38
22
30
10
17
2
6
33
29
4
35
27
28
33
10
2
13
12
21
31
13
2
26
6
36
39
2
25
28
16
17
17
29
39
26
6
32
24
30
12
27
25
38
14
9
40
15
22
11
35
12
23
28
29
20
23
20
22
8
39
29
16
15
18
6
33
15
37
16
4
9
2
28
38
16
29
37
22
10
7
17
13
22
36
33
33
19
12
6
18
10
35
25
17
4
31
9
18
19
16
13
19
17
33
9
24
21
37
6
22
36
14
26
17
9
18
9
19
30
15
28
31
1
13
39
36
35
39
5
13
14
17
24
23
1
32
38
21
28
35
34
23
8
19
31
9
37
32
19
18
38
7
40
30
19
39
25
5
29
29
9
3
5
32
17
6
15
14
18
3
9
12
17
8
22
40
8
10
23
27
27
20
33
19
9
3
9
33
7
37
21
7
31
17
39
7
14
13
21
24
7
21
35
16
28
8
15
36
18
37
14
36
8
6
14
8
40
14
40
38
11
12
4
1
20
34
40
26
7
12
9
13
32
35
20
11
2
26
38
19
14
11
15
21
8
20
28
39
26
19
36
36
22
32
28
34
25
19
19
31
30
19
36
13
13
7
24
6
33
21
25
6
24
31
19
23
2
38
22
27
9
9
14
22
40
34
15
25
12
25
7
2
35
34
14
39
33
29
5
25
2
21
22
25
3
40
7
4
38
20
23
38
29
28
19
28
21
26
4
33
2
3
26
37
28
31
35
20
12
39
4
13
19
18
29
13
17
27
9
6
7
31
3
35
18
14
14
31
39
18
23
40
20
40
36
39
22
31
19
33
21
14
5
32
31
25
4
8
12
12
5
18
34
40
4
4
13
17
34
11
26
8
2
37
7
38
36
20
20
14
13
32
27
9
15
10
34
19
17
37
22
13
6
8
12
9
11
16
17
4
18
3
11
20
39
9
9
26
28
20
39
40
3
18
1
18
27
26
36
35
22
9
39
27
16
11
27
18
18
3
21
36
37
23
7
28
31
7
13
19
26
4
10
28
21
2
5
39
27
32
25
8
33
23
26
40
25
12
18
3
7
38
30
3
21
36
30
3
2
35
13
19
38
15
6
10
16
3
40
3
26
24
2
18
6
28
10
31
31
27
33
37
24
14
32
36
9
13
39
2
7
3
20
36
17
17
37
25
11
36
19
37
19
20
6
17
39
15
7
30
1
31
18
17
4
9
4
4
22
34
5
20
37
24
16
5
32
12
29
3
40
7
39
18
19
36
26
17
3
32
38
35
14
16
11
17
16
15
20
37
8
24
17
36
39
32
1
31
35
29
33
34
36
23
4
14
10
29
22
12
13
20
7
26
27
9
35
2
15
14
31
15
30
7
10
20
30
10
10
16
31
34
2
18
8
5
23
10
25
4
21
29
15
19
15
33
20
9
35
34
14
17
8
35
23
18
15
4
19
16
11
1
2
12
18
9
8
40
10
33
36
23
21
10
1
27
35
12
27
29
6
1
37
13
27
19
22
1
14
33
9
24
33
10
36
11
10
3
2
20
27
37
2
40
39
34
26
33
6
13
13
11
5
9
15
23
19
29
24
32
21
24
7
5
33
34
7
34
29
9
13
15
5
6
6
35
40
32
27
37
36
31
39
32
39
13
14
17
33
29
40
5
12
39
10
36
32
16
30
20
24
34
27
21
40
32
7
31
15
34
27
2
24
25
25
15
29
31
23
22
11
23
18
23
13
27
10
4
35
31
16
10
17
2
22
8
25
29
38
32
14
16
25
29
32
10
3
20
40
26
33
10
40
3
24
12
29
26
7
15
8
22
25
24
15
6
31
32
26
20
23
39
35
39
28
18
8
30
30
39
7
14
1
38
16
16
1
5
33
8
11
1
21
35
24
28
33
7
11
10
26
25
9
13
23
36
30
31
17
11
21
24
25
13
13
40
29
14
36
21
13
7
13
33
33
37
12
17
3
22
27
20
6
35
24
29
22
14
11
38
24
23
13
8
36
26
40
16
39
35
36
11
1
1
35
34
37
39
10
31
20
28
2
18
22
26
6
3
31
8
33
6
30
5
6
25
22
5
40
12
39
28
14
40
28
9
25
16
39
26
6
18
14
39
35
27
24
32
30
14
39
14
12
29
18
17
5
32
21
5
3
11
24
17
2
11
17
26
18
15
4
15
32
17
13
19
3
29
10
24
2
1
37
5
29
7
21
25
30
33
29
32
36
4
8
37
6
24
15
23
38
18
37
22
26
2
32
20
30
1
36
23
33
24
28
13
30
40
38
19
25
18
3
20
22
10
16
27
26
22
2
23
31
30
36
16
31
27
36
20
20
31
35
12
14
22
25
36
13
22
6
37
39
8
16
12
10
24
31
35
5
32
9
36
13
5
11
4
23
38
15
34
20
1
6
26
22
22
13
35
35
18
23
25
18
39
37
19
22
27
13
26
10
13
13
22
9
16
17
32
13
24
25
25
24
22
10
38
3
22
24
37
31
6
22
40
36
10
18
17
28
22
35
37
35
7
10
35
22
19
26
27
34
3
11
9
16
12
38
19
33
21
7
15
19
20
7
14
29
16
23
16
38
17
4
24
23
6
18
37
16
36
23
9
30
33
17
5
4
15
15
28
27
14
34
37
33
40
11
22
8
25
29
5
1
25
20
15
22
29
11
37
16
33
37
5
17
13
2
20
19
16
39
38
29
25
34
14
16
36
27
23
12
15
19
12
31
38
27
12
19
29
8
34
14
4
31
30
9
32
2
19
39
40
8
20
16
34
33
32
21
19
14
33
25
33
4
8
22
22
19
40
3
19
26
16
14
16
5
14
39
38
33
29
30
32
8
5
25
32
36
38
10
10
30
27
34
25
34
15
39
4
7
1
14
32
8
28
39
4
1
29
2
25
17
31
17
25
35
33
16
23
30
18
32
11
36
17
28
21
31
26
16
37
18
30
20
25
17
10
20
9
38
21
34
15
3
2
31
30
26
6
12
8
15
35
10
2
11
37
22
33
22
30
30
31
19
1
7
35
11
27
35
8
7
28
14
2
21
4
31
39
10
34
6
16
28
15
10
30
12
31
22
25
20
3
16
30
4
14
16
6
40
11
5
39
30
19
40
11
22
22
9
23
15
6
31
34
20
40
23
23
30
4
40
2
7
7
31
2
20
39
39
20
9
3
10
38
21
1
8
35
22
8
17
28
13
7
21
25
6
3
7
28
38
6
21
4
4
3
37
24
1
35
35
9
30
4
7
10
36
6
36
17
14
13
4
18
11
24
2
17
18
1
36
15
38
8
11
2
10
7
17
3
34
11
11
15
6
9
16
1
7
12
9
12
24
12
29
34
27
23
2
4
23
29
10
12
36
20
13
6
19
29
40
4
31
10
18
36
11
33
28
17
4
36
28
19
39
8
5
17
30
38
12
12
27
22
24
22
1
28
19
11
9
18
14
39
20
31
27
30
16
6
38
19
2
17
30
32
24
34
9
14
31
20
17
17
1
32
31
34
20
9
4
28
19
18
18
30
40
36
11
15
2
8
26
35
24
15
26
39
8
26
12
38
6
29
7
38
20
37
23
31
37
19
10
7
28
20
36
27
15
6
34
16
5
19
2
20
33
28
19
32
13
22
21
10
2
27
40
22
15
22
4
12
40
14
10
27
33
6
6
39
3
39
7
8
9
8
19
33
27
37
24
32
19
4
1
20
23
40
33
37
14
29
40
13
34
2
32
26
7
29
16
9
27
22
8
27
22
27
19
8
15
2
39
25
37
32
37
11
23
21
8
36
9
39
1
2
40
32
19
38
12
35
39
38
8
38
24
21
24
34
29
31
35
19
15
23
10
3
34
33
24
33
20
24
23
20
26
23
3
36
12
14
22
10
3
22
8
18
2
23
11
30
5
37
1
12
20
2
14
5
26
37
37
6
13
19
25
30
33
20
25
5
33
7
6
36
20
5
13
21
20
24
11
24
20
3
35
31
4
9
35
30
37
23
35
9
2
11
38
26
30
15
22
23
13
20
10
32
24
22
12
3
37
14
19
9
16
13
39
12
13
26
1
10
8
27
10
1
29
40
27
11
14
40
25
18
19
34
9
3
7
20
37
36
26
15
4
1
20
34
4
32
19
4
33
19
22
3
19
3
34
37
13
39
37
37
16
7
30
24
9
28
35
38
23
20
4
26
13
23
12
16
15
22
12
39
40
25
1
11
27
26
39
39
24
27
27
39
34
16
14
34
36
9
31
18
20
27
36
32
9
7
40
15
28
3
14
20
27
6
22
14
32
20
4
15
7
31
6
32
38
19
25
33
19
8
3
39
34
38
22
34
36
13
9
15
15
22
34
34
27
15
39
10
27
2
25
25
24
22
16
14
32
32
38
11
31
32
1
16
29
14
10
16
19
10
31
33
31
24
26
9
31
24
19
9
18
35
33
33
8
40
38
39
23
36
9
14
19
1
29
8
15
30
23
33
39
13
17
21
29
35
22
11
10
32
19
27
18
3
12
25
2
9
23
24
36
32
29
15
24
10
14
38
39
28
22
30
33
31
2
13
25
15
23
34
6
33
13
23
35
16
7
28
16
30
11
12
13
40
18
36
9
23
26
39
2
39
20
26
29
14
38
13
28
12
39
34
4
11
8
30
26
7
17
1
28
20
4
40
11
13
27
11
27
4
9
29
3
21
14
31
34
4
36
13
15
34
38
11
36
6
40
21
12
17
13
31
36
17
30
6
21
8
16
40
12
16
28
14
28
33
36
21
28
31
34
3
16
23
13
11
28
4
31
31
20
36
21
7
4
2
4
24
10
11
23
13
19
2
26
6
27
13
19
14
36
4
8
11
26
20
22
14
24
4
36
35
39
9
34
34
10
29
18
11
40
32
23
18
26
40
15
4
5
33
17
40
36
17
10
22
28
23
27
3
19
14
38
17
22
23
11
24
11
20
26
2
3
1
19
20
32
26
23
36
18
32
35
6
8
37
19
35
11
37
38
29
10
27
38
24
9
40
39
11
11
16
13
13
16
23
33
40
8
7
35
18
38
22
23
5
10
1
32
20
29
29
1
30
7
38
5
15
29
35
25
39
11
29
11
18
12
35
9
19
34
4
36
31
17
10
28
18
2
19
29
30
39
29
12
5
18
16
11
6
11
27
4
13
16
7
22
27
33
31
37
26
26
33
9
2
34
36
11
36
6
39
25
36
20
28
32
37
4
2
3
14
28
6
18
35
4
39
21
37
29
18
14
14
2
22
7
35
9
17
30
6
16
7
1
35
34
32
23
29
25
25
34
5
23
11
39
26
10
20
14
38
29
28
4
22
9
10
16
10
27
38
15
34
36
8
20
21
39
2
10
16
19
3
20
1
6
18
18
15
29
32
4
9
19
7
30
19
9
38
28
35
35
3
20
22
10
39
2
40
32
3
7
10
38
26
10
3
36
28
9
16
11
12
25
29
11
6
7
19
3
27
5
29
21
16
10
22
14
4
21
37
6
20
7
3
5
8
37
32
27
5
8
37
17
24
17
19
21
16
29
24
2
33
4
22
8
6
3
13
9
15
9
6
34
7
1
31
7
37
22
33
2
21
22
10
36
38
28
17
13
16
32
6
40
27
19
39
32
13
11
32
20
11
38
5
18
30
35
24
26
9
8
19
21
29
28
17
19
15
25
23
22
16
29
21
34
39
19
26
12
21
9
23
32
38
27
1
27
22
16
5
22
15
23
2
4
11
10
14
17
34
36
31
1
16
3
35
15
14
12
18
34
20
40
17
18
26
9
36
39
16
40
20
31
23
14
26
25
23
39
33
9
34
23
9
10
26
35
16
39
38
33
24
18
32
33
27
17
1
14
16
17
14
27
39
28
40
24
4
15
14
36
23
39
11
23
40
36
18
15
26
7
7
1
16
38
33
2
7
26
16
14
34
21
40
32
8
40
7
11
14
12
38
28
10
8
10
10
35
19
16
20
26
23
13
1
12
5
35
10
30
2
23
23
22
15
6
21
14
12
23
19
23
20
38
25
20
7
26
14
26
1
26
3
15
38
3
19
34
29
28
16
30
3
30
3
17
36
15
22
39
37
40
14
9
29
38
28
35
23
33
12
15
18
14
30
7
9
8
1
37
35
8
19
37
37
21
5
32
28
26
31
24
17
36
24
5
25
3
40
7
36
3
13
5
9
2
12
9
9
4
37
36
11
15
24
39
28
29
31
15
14
13
30
31
8
14
35
32
8
26
30
3
21
2
40
29
36
3
29
36
6
25
31
8
32
7
6
19
35
28
25
40
32
6
22
39
11
17
22
19
34
3
13
6
37
12
26
24
14
14
19
11
39
10
10
22
8
16
32
2
35
16
33
27
13
15
17
24
23
31
2
8
33
14
14
21
26
39
4
31
5
23
2
35
24
11
16
31
18
7
24
13
14
16
31
26
22
7
9
4
37
10
12
22
16
25
2
33
15
38
23
19
12
16
13
35
19
28
17
36
26
32
40
39
7
30
17
21
37
25
24
25
27
27
6
2
3
40
26
18
37
40
36
40
16
1
34
34
20
2
21
6
33
13
36
31
2
12
11
30
29
35
7
15
13
12
8
16
3
33
33
31
32
20
30
39
12
23
24
32
16
5
29
8
17
24
39
10
28
1
32
16
35
38
22
8
9
29
23
12
13
7
2
36
26
32
35
30
6
18
21
14
14
9
21
30
24
11
32
11
12
23
18
38
20
39
37
20
19
11
31
31
17
25
19
35
8
5
24
5
14
36
18
28
36
31
9
19
1
40
22
4
22
39
2
33
38
30
13
8
1
35
39
9
11
9
35
18
13
10
15
26
5
24
5
40
14
14
11
7
5
32
10
19
22
3
11
19
33
23
27
25
10
17
33
20
17
20
38
29
29
4
6
26
27
11
17
33
16
27
39
20
10
40
30
32
3
1
2
27
15
20
11
24
28
35
4
4
14
33
24
3
36
30
20
14
32
36
6
7
15
36
18
16
36
8
7
30
40
1
16
6
20
18
30
8
12
25
3
26
9
27
20
36
8
31
9
39
18
7
37
32
2
6
8
29
5
6
10
4
6
17
2
18
34
31
17
6
7
19
23
15
37
34
10
36
24
10
26
1
8
22
25
10
20
24
30
24
29
40
28
27
16
29
4
2
11
20
39
9
30
21
15
19
6
16
14
29
25
40
21
33
13
5
34
32
28
15
16
9
6
35
27
14
15
30
15
17
1
13
25
22
25
31
32
30
6
6
10
22
37
30
6
9
27
31
1
6
6
8
6
11
2
32
24
8
13
30
24
5
34
40
27
18
30
18
39
27
15
8
8
11
30
6
12
8
36
4
5
1
11
11
4
12
34
19
11
7
9
34
11
2
33
29
12
14
39
2
40
13
2
39
16
31
4
27
30
40
30
34
32
32
36
35
35
30
6
5
36
14
38
38
7
22
27
10
35
17
12
26
21
13
24
36
35
20
14
24
11
35
9
2
26
5
29
20
26
34
24
21
39
21
10
37
34
36
7
28
4
10
5
25
14
21
20
8
40
26
23
10
20
23
3
38
27
31
17
12
24
1
24
22
13
34
11
39
21
17
26
25
18
23
9
31
3
20
38
2
37
12
3
17
34
5
14
13
36
22
16
11
14
40
25
27
25
35
17
37
3
34
21
20
16
21
2
18
1
31
11
29
2
5
5
27
2
10
39
29
32
15
39
5
6
15
23
22
1
39
18
3
33
31
14
40
11
15
10
3
5
20
32
38
17
28
25
18
38
15
6
21
21
36
17
26
11
32
39
11
30
17
6
14
39
19
6
9
26
15
12
30
26
35
28
2
22
4
11
11
18
16
31
39
12
8
16
14
39
15
24
20
23
29
26
21
40
31
21
25
37
24
6
22
18
25
24
40
28
34
10
6
2
33
36
5
40
11
18
30
17
33
9
31
14
26
11
13
8
32
29
4
15
34
26
25
19
1
24
38
26
25
3
19
17
30
23
8
1
40
37
9
25
38
40
38
15
2
2
23
33
30
26
40
23
3
16
1
3
31
39
21
15
33
39
24
15
22
31
15
13
20
15
37
17
14
26
31
16
27
5
40
16
31
31
39
33
6
31
28
36
21
8
3
6
6
26
20
19
16
26
24
27
40
12
3
6
38
26
21
24
30
12
32
12
3
22
5
8
12
24
36
25
31
38
30
28
15
1
39
22
18
22
9
17
25
3
22
22
28
34
38
10
6
29
21
8
10
17
7
13
40
34
37
22
31
18
2
5
10
32
27
27
13
27
36
29
29
17
11
9
3
40
18
8
28
30
7
29
39
5
1
30
39
30
4
21
39
5
18
1
36
36
27
40
22
22
28
2
31
30
10
33
29
19
32
8
1
30
36
39
26
29
20
24
10
23
37
40
19
6
40
6
33
27
5
6
40
25
7
22
6
17
14
27
27
37
34
27
18
22
25
4
2
37
19
11
19
15
2
38
12
2
35
4
20
32
9
19
16
8
1
13
16
6
39
2
35
33
21
12
6
37
15
7
33
34
9
12
40
10
1
12
11
27
7
30
18
8
1
33
15
1
6
22
38
4
23
32
28
3
36
33
40
10
39
24
35
7
35
27
9
27
38
19
14
36
1
31
3
1
16
9
1
13
30
30
8
5
22
36
39
17
20
30
18
11
14
5
9
40
31
17
19
20
28
32
15
28
14
18
28
21
18
20
25
8
9
33
12
30
20
2
38
31
32
8
1
5
12
2
4
2
18
22
21
5
5
27
32
11
4
11
23
14
30
8
21
39
40
24
20
11
25
10
1
16
17
34
20
20
35
16
13
4
37
25
1
34
11
24
4
7
35
26
20
24
33
40
14
24
15
34
26
39
35
19
7
11
12
18
22
38
33
34
33
22
18
25
15
20
9
10
26
35
27
5
10
20
36
24
35
2
9
13
33
3
31
39
5
34
8
26
31
33
11
15
14
20
40
20
39
40
21
25
34
7
21
35
18
9
18
5
10
18
17
34
20
7
32
16
40
32
1
22
24
3
28
29
22
27
40
21
18
12
37
11
18
9
6
28
9
15
32
19
33
40
12
4
6
36
20
37
19
12
10
2
15
37
22
36
16
21
8
33
32
4
36
1
5
33
28
13
7
11
23
31
10
27
27
7
22
38
35
32
9
4
33
15
33
6
11
40
18
10
24
1
14
11
1
10
3
21
22
2
31
5
32
33
31
10
39
4
7
34
35
16
29
19
30
13
24
32
4
1
2
28
1
7
38
33
16
33
5
29
34
28
25
17
20
7
27
10
10
33
35
36
40
24
6
22
28
21
5
32
21
6
19
13
4
8
38
11
40
2
40
33
29
24
2
40
31
28
10
32
12
4
20
4
19
25
17
7
6
21
38
18
19
8
23
22
15
20
33
7
13
32
31
2
7
32
1
29
11
2
21
15
6
40
10
24
16
26
22
21
6
11
39
24
18
13
38
25
32
30
31
36
13
21
37
11
5
30
40
15
31
20
21
28
11
30
4
26
15
25
39
13
36
29
28
5
1
25
21
24
14
11
19
18
24
16
29
20
37
28
26
19
39
7
7
1
36
2
18
11
18
16
15
5
4
2
10
36
27
30
19
32
33
38
10
8
5
30
27
1
17
12
11
7
18
9
7
6
10
24
16
28
32
30
32
27
23
33
23
9
15
1
33
39
30
2
6
34
31
24
26
39
35
29
37
5
37
3
10
39
18
17
18
1
38
9
28
20
34
2
21
40
2
13
38
24
6
3
9
28
26
35
26
12
23
14
16
11
16
17
9
25
25
26
26
22
27
5
34
12
6
14
11
39
26
8
22
31
2
31
18
19
17
35
30
31
8
38
1
15
6
2
31
31
19
16
12
5
12
5
8
17
10
18
16
35
17
29
17
18
19
26
36
35
12
26
17
19
15
18
25
20
11
16
10
29
23
14
34
35
18
1
11
20
11
18
6
27
7
23
5
17
40
40
12
12
17
20
30
23
37
7
3
39
22
12
28
4
17
13
38
27
13
1
6
15
18
11
2
24
25
38
1
25
29
4
36
6
15
17
20
12
23
22
10
36
26
29
40
2
1
37
28
6
37
25
20
7
36
21
22
20
10
14
36
39
9
23
36
24
32
15
27
6
37
28
2
14
17
1
7
17
29
35
22
18
19
2
24
6
14
5
18
16
11
13
14
19
28
9
2
19
15
28
24
3
16
25
16
32
25
23
40
6
9
22
23
19
15
6
25
20
2
34
35
12
6
40
23
25
8
24
3
15
4
19
17
11
3
33
34
20
7
33
25
15
6
7
25
20
4
1
32
37
34
18
9
32
18
23
16
17
6
11
31
1
29
8
11
31
32
4
2
38
29
26
4
34
24
20
6
27
21
37
16
14
6
24
37
23
38
13
32
3
23
14
36
11
21
6
33
4
2
35
33
30
12
28
15
28
8
20
6
20
8
21
33
14
36
22
28
33
34
19
28
8
33
23
10
5
20
34
9
21
28
33
2
32
21
9
19
28
28
16
7
36
37
31
1
32
4
20
25
37
39
4
36
23
26
5
19
5
39
19
18
18
12
11
1
24
19
11
11
39
27
9
34
23
31
26
6
35
5
30
23
35
33
11
17
10
15
28
7
5
6
24
15
17
26
15
40
5
26
2
3
12
2
28
26
25
5
31
11
9
13
25
4
37
35
12
7
2
31
13
6
37
28
20
5
13
27
37
9
12
30
11
15
24
30
40
40
34
30
2
35
2
26
30
31
13
33
37
14
24
9
19
20
28
31
16
40
17
4
9
20
34
11
26
9
1
25
8
26
6
9
20
40
26
9
30
38
2
26
11
25
26
22
36
5
4
3
4
12
7
4
31
32
15
16
40
7
32
39
32
37
39
4
28
24
12
17
14
5
34
16
21
11
37
8
15
32
11
11
3
17
14
25
40
20
32
39
18
23
29
10
12
27
5
39
2
16
8
15
13
33
23
33
4
19
1
10
3
11
20
5
19
26
30
18
37
21
8
15
36
36
16
7
14
20
37
15
35
36
22
39
29
4
32
32
14
32
33
8
34
5
13
12
22
34
21
18
6
28
32
33
15
39
31
20
18
28
26
5
23
39
3
11
34
34
34
40
17
19
7
10
23
19
21
4
4
33
13
2
12
37
34
18
35
25
37
13
12
23
9
26
21
11
29
7
37
14
6
13
32
12
23
6
23
35
1
18
20
14
19
31
10
13
9
36
29
5
40
32
19
8
17
32
11
37
38
7
11
35
11
34
6
25
40
20
12
40
38
31
13
16
21
14
20
21
10
8
18
1
39
28
9
16
19
19
4
8
17
14
2
27
8
40
12
7
19
23
38
16
5
3
32
17
8
3
38
17
11
7
10
9
34
18
16
5
28
20
4
4
33
6
30
32
37
33
30
15
7
28
23
3
30
6
20
29
8
9
38
18
15
7
19
8
24
34
4
11
5
8
6
30
5
27
21
1
20
3
7
18
30
29
21
11
26
32
39
34
40
36
3
14
2
21
13
17
7
17
19
11
16
24
32
20
11
13
12
22
7
18
39
36
39
11
38
24
34
28
9
33
16
4
38
9
24
3
26
22
11
36
25
26
20
16
5
30
20
16
3
26
25
33
13
23
36
2
39
29
22
7
22
37
2
11
37
26
13
14
39
23
10
15
40
21
31
4
2
2
11
4
20
36
36
24
10
31
18
40
20
39
39
33
27
40
35
23
17
8
37
16
22
38
30
22
18
12
17
19
6
20
14
17
7
9
40
16
32
17
16
3
15
6
27
1
5
21
16
22
20
4
37
2
33
18
15
10
22
31
20
19
10
33
35
16
33
34
24
24
11
31
18
17
36
4
10
40
17
17
21
36
20
9
37
12
19
11
13
32
34
32
10
35
16
4
11
8
37
26
24
39
16
33
8
3
29
17
2
5
33
15
40
4
15
29
7
33
31
19
16
24
2
25
19
17
28
21
16
17
6
31
7
13
16
14
15
4
22
8
8
6
14
39
9
29
27
15
13
18
25
29
33
26
13
3
34
33
23
2
1
20
24
7
24
39
13
30
2
34
38
1
40
3
32
40
31
18
15
4
27
31
24
12
17
28
14
10
20
29
3
20
40
27
19
24
17
31
5
19
16
2
11
7
5
2
7
27
12
13
22
30
3
5
1
11
33
7
13
4
35
15
16
26
33
34
1
10
16
6
28
31
39
30
30
35
24
36
22
35
40
3
16
34
40
17
5
24
23
17
27
9
23
2
34
16
27
35
25
2
40
4
25
38
33
14
33
8
1
6
34
32
40
10
25
39
26
21
22
40
37
1
40
12
2
33
27
21
19
11
22
10
6
38
40
30
3
24
38
3
29
31
26
28
40
11
19
17
31
40
16
20
40
15
31
34
40
9
14
18
19
27
20
24
17
19
13
19
2
2
14
30
33
39
9
24
1
27
1
24
19
16
3
10
23
25
3
14
33
8
31
3
27
2
18
3
20
22
21
13
24
26
34
16
25
3
31
17
21
31
40
39
39
2
1
21
18
35
34
10
3
16
4
21
18
21
23
29
3
35
2
18
13
27
25
37
29
15
13
2
6
13
32
4
6
32
16
16
27
1
25
21
8
21
1
17
1
15
6
35
1
39
12
13
25
36
1
6
11
6
39
8
10
30
11
7
22
18
22
40
18
39
20
25
19
12
2
11
18
39
6
18
37
9
23
13
5
23
10
7
28
8
14
29
38
16
36
11
33
17
10
10
15
21
26
33
24
27
36
1
17
1
10
5
9
32
18
5
7
27
3
26
27
16
15
16
23
10
26
15
18
27
16
33
7
2
17
22
20
12
22
29
4
31
33
5
15
10
1
21
29
4
6
15
11
12
30
34
13
7
8
31
33
16
23
31
17
31
12
28
35
25
16
30
7
9
34
21
10
35
33
30
30
31
4
40
2
25
33
7
23
33
37
15
8
11
37
16
1
8
35
27
32
3
17
31
3
10
11
12
36
36
2
25
18
37
17
11
14
1
17
36
33
13
11
40
23
39
7
16
7
2
2
30
4
10
20
6
12
23
9
7
10
2
24
27
39
32
37
4
32
14
39
25
26
1
16
1
40
23
8
38
16
1
27
11
11
39
8
22
13
8
20
22
10
35
8
8
26
36
11
18
9
1
2
27
2
9
19
33
23
26
30
30
26
8
40
36
6
39
9
10
7
29
31
16
23
30
15
1
26
17
18
26
17
11
4
10
19
22
2
34
7
23
23
33
31
15
20
28
13
29
38
19
9
20
26
31
2
40
31
19
8
40
36
25
10
40
26
21
21
20
6
28
2
28
12
32
2
31
12
7
11
1
25
19
20
11
2
13
2
24
31
10
24
19
26
25
18
3
37
30
22
2
17
16
30
20
7
23
3
10
29
13
10
6
32
22
8
25
34
9
8
17
10
31
35
27
8
4
30
4
33
11
38
2
18
27
21
25
1
15
26
22
28
36
27
11
17
34
27
2
34
34
10
4
17
36
30
24
39
11
19
32
14
16
25
31
34
37
7
35
12
33
16
31
28
34
33
36
27
19
29
12
12
39
7
20
34
37
35
25
39
14
8
12
21
32
3
15
28
9
1
31
33
8
21
12
1
5
7
19
23
28
30
27
26
37
6
11
25
33
35
23
6
2
27
26
33
29
32
13
29
32
3
22
31
16
33
31
20
32
1
35
19
23
21
36
11
18
6
27
10
33
1
7
34
27
25
19
15
16
23
36
40
25
17
30
32
9
13
12
32
13
6
10
27
18
5
37
27
3
23
37
35
24
35
28
2
19
38
9
27
20
4
18
37
12
7
20
12
11
31
4
24
28
13
10
37
10
39
24
12
21
12
6
36
38
25
38
17
15
38
35
34
1
12
22
12
10
2
23
21
24
26
36
4
31
37
40
40
35
15
11
8
18
8
35
16
24
32
24
38
29
18
24
21
21
5
32
22
38
7
34
14
24
29
17
14
26
8
13
12
15
15
19
32
14
14
7
38
37
30
35
18
39
10
38
19
15
22
33
4
20
26
17
3
7
25
17
32
25
21
35
39
28
14
30
1
19
37
38
7
18
25
24
17
34
14
27
40
27
19
36
6
5
12
8
11
29
16
34
13
37
28
11
24
33
32
16
3
20
14
10
38
30
25
6
23
38
32
15
24
11
10
21
7
13
21
9
33
36
34
5
24
13
7
39
6
31
15
40
10
20
9
39
9
34
4
23
23
36
29
39
38
38
11
36
3
31
4
35
27
37
40
2
9
38
1
6
28
7
38
30
26
6
28
26
31
24
8
6
19
37
36
8
26
6
3
28
37
38
15
15
34
6
16
34
3
8
32
23
14
29
12
31
26
31
16
9
14
16
14
24
4
9
31
29
14
25
9
2
22
23
16
7
28
24
33
22
31
24
4
37
4
7
27
29
30
3
29
3
18
2
19
21
2
1
1
16
26
9
9
39
31
25
38
10
8
30
32
30
5
35
26
8
34
13
28
23
15
17
17
24
10
27
4
12
28
36
19
5
5
27
35
27
3
32
37
10
21
20
32
17
6
17
16
39
21
4
13
27
12
22
10
13
8
5
16
27
1
34
23
5
13
18
23
15
1
19
17
22
30
8
30
36
24
6
34
37
1
39
23
4
20
33
16
19
29
32
6
29
17
28
25
29
37
8
4
38
18
12
11
8
19
40
3
34
37
28
30
37
26
13
40
37
37
8
16
25
39
21
14
7
40
38
36
37
37
31
26
15
2
36
14
20
27
8
5
24
35
35
20
13
7
12
9
35
11
24
19
1
4
32
7
36
22
2
32
18
24
17
24
25
4
37
36
30
36
1
13
31
27
25
3
25
28
3
19
38
27
37
38
22
29
4
17
2
38
40
19
21
8
35
38
11
23
25
33
19
17
37
1
3
21
3
27
40
5
37
29
23
34
18
5
14
14
21
7
11
21
25
23
20
11
12
31
34
37
23
12
13
19
12
16
32
6
34
23
2
23
12
25
8
21
21
21
34
1
19
4
13
35
19
33
6
30
15
39
26
29
2
31
39
5
38
22
2
23
37
35
5
40
11
12
20
31
24
14
24
2
9
28
37
27
12
2
9
18
32
26
6
25
16
37
21
13
18
22
36
14
8
32
13
19
4
33
1
19
38
24
21
6
12
9
25
15
2
33
33
33
10
38
9
26
26
29
30
4
2
17
9
9
9
22
19
12
6
20
22
3
3
2
40
6
10
24
13
11
8
5
35
18
34
35
35
20
23
24
15
16
1
23
25
1
4
35
12
1
14
25
35
9
27
35
6
28
10
18
31
18
22
17
27
8
12
21
19
26
36
33
2
36
15
18
36
11
12
39
11
26
24
38
34
2
32
39
21
1
9
11
10
22
20
36
29
31
8
7
16
4
39
17
31
6
34
19
16
38
9
18
23
24
7
8
25
38
38
6
31
6
8
40
28
27
28
8
9
35
15
25
38
5
33
29
2
19
39
9
16
7
19
30
31
25
29
7
23
26
4
13
24
12
4
3
30
31
10
39
26
16
15
15
13
7
35
14
25
33
23
32
40
33
21
22
17
9
28
39
27
32
3
2
35
39
4
24
29
13
14
6
21
28
13
33
27
7
38
3
32
12
35
23
4
7
36
21
8
23
11
34
6
6
35
40
4
30
16
24
2
21
22
22
9
34
6
27
32
4
29
15
15
23
37
19
30
24
31
29
7
1
22
12
6
8
4
9
37
11
25
30
31
6
4
39
31
9
17
22
4
6
29
11
28
25
21
9
9
11
37
7
3
10
10
9
9
13
9
37
23
33
27
6
30
22
36
20
22
13
2
26
18
30
28
37
6
8
6
6
10
34
4
12
36
14
12
4
18
13
33
33
5
11
38
27
32
25
6
13
37
39
30
14
20
9
11
26
8
8
23
17
1
19
21
28
24
24
24
1
36
16
25
33
26
14
19
17
39
24
21
35
23
3
1
2
11
3
19
19
10
34
27
2
12
7
30
35
23
13
27
18
20
4
10
5
17
20
13
7
4
25
34
18
27
34
11
38
36
22
8
37
7
34
38
18
33
19
4
15
23
22
32
34
25
34
38
34
13
2
40
8
27
33
17
13
18
28
2
5
1
1
1
7
35
31
24
19
1
19
33
16
32
16
9
17
1
39
2
6
40
33
13
26
26
30
31
35
9
24
40
9
25
32
15
11
14
30
29
15
40
13
30
31
28
30
39
21
28
40
26
28
33
30
5
10
11
27
4
19
11
35
19
27
19
25
37
32
14
25
6
13
37
27
36
16
17
34
28
4
34
13
23
18
3
28
27
5
14
22
16
16
9
34
2
27
11
38
18
24
14
16
29
2
34
16
10
2
9
37
38
34
10
20
11
4
39
29
8
13
11
15
20
19
9
22
37
19
11
6
34
17
21
14
10
7
29
19
8
30
16
5
23
17
17
26
12
15
14
11
19
24
26
39
34
26
12
22
36
14
28
29
22
40
35
32
6
23
10
6
4
17
10
27
33
18
12
36
33
25
7
11
1
32
1
26
17
12
8
12
18
35
32
39
34
26
30
32
1
32
37
4
8
38
22
33
16
33
28
40
10
26
10
2
17
3
27
25
14
26
36
23
12
20
22
6
37
3
29
29
26
25
33
26
14
6
10
21
31
37
20
40
15
30
33
31
24
19
16
37
37
3
12
8
22
33
5
11
27
33
39
13
9
31
30
23
29
39
3
19
27
15
10
1
36
2
32
19
12
39
15
8
1
18
16
15
10
20
25
29
5
23
33
13
6
22
27
26
20
22
4
6
36
13
7
31
6
30
9
17
28
15
25
20
33
32
26
34
3
10
22
39
25
14
12
22
27
30
7
6
11
2
4
38
14
10
28
19
31
36
27
18
3
3
29
35
34
15
28
29
16
2
27
40
7
30
13
34
20
19
31
22
20
34
20
25
35
39
35
25
27
22
2
29
16
23
23
10
37
2
30
12
35
8
4
2
38
16
27
9
27
17
22
38
3
33
23
37
32
9
22
18
22
15
38
38
37
12
39
33
13
28
37
8
35
40
1
24
15
27
24
1
35
38
39
37
30
13
34
13
21
7
22
3
13
19
40
2
30
38
26
3
17
22
2
3
21
2
19
28
20
2
28
14
31
18
3
13
22
28
25
3
34
7
37
38
17
28
39
7
17
25
1
33
6
34
35
19
27
13
6
6
7
25
11
29
35
13
1
16
32
26
10
25
24
6
15
40
25
13
6
1
29
38
33
27
31
20
5
17
24
2
14
30
18
17
11
12
29
11
28
21
36
37
37
11
35
3
11
19
16
8
12
36
6
4
22
28
23
18
37
7
11
10
28
29
26
38
40
7
1
19
19
36
8
7
39
2
10
9
12
17
8
23
12
5
19
26
33
33
35
29
31
6
30
11
26
8
40
25
6
40
36
16
28
3
22
26
36
31
26
39
39
33
14
3
38
32
28
22
24
14
2
7
11
31
17
36
30
16
13
27
16
8
2
35
10
24
20
5
6
5
35
37
37
8
39
26
39
18
7
15
31
8
21
34
31
37
29
12
4
1
39
19
8
40
13
9
15
24
5
21
28
40
17
17
7
7
2
6
24
1
12
6
40
32
39
30
20
28
34
23
20
32
2
20
23
6
28
38
30
33
10
9
24
18
17
30
24
19
27
7
11
38
12
10
21
3
40
40
30
25
23
1
16
16
20
30
13
40
27
34
24
36
3
7
13
19
28
36
29
15
34
39
4
38
9
25
40
40
16
21
24
38
13
31
5
33
20
18
32
7
11
15
34
13
13
39
24
40
26
4
14
20
3
10
9
3
34
40
2
1
20
17
39
32
39
3
16
18
20
7
16
23
13
2
27
25
40
10
25
25
14
30
36
8
39
4
10
24
35
3
25
6
11
15
30
9
17
5
18
29
4
34
11
8
35
29
33
26
39
9
2
4
38
38
3
29
33
4
4
28
38
28
33
8
34
22
8
3
19
25
31
22
10
33
29
36
21
13
21
11
21
23
6
11
12
40
31
4
3
34
23
40
14
8
39
7
21
6
9
39
23
31
20
32
15
1
28
36
5
40
38
26
22
36
28
33
35
10
29
38
3
3
29
16
10
28
15
31
25
15
29
7
6
1
31
20
33
10
7
37
9
37
14
23
32
33
7
18
2
35
7
5
38
36
12
39
15
18
29
31
33
10
30
38
2
20
9
34
21
16
22
29
12
36
3
35
28
10
12
30
36
19
26
25
14
29
24
20
7
12
10
31
13
39
20
14
10
28
7
30
3
29
11
6
16
13
40
35
22
12
16
18
22
33
2
27
22
17
6
20
21
7
10
33
38
29
39
39
16
5
29
11
25
31
8
32
3
8
27
17
11
2
26
32
35
19
18
8
36
15
27
16
21
28
40
10
8
38
9
15
35
29
17
11
19
25
3
13
24
21
21
34
14
6
17
40
17
26
7
4
32
25
11
4
4
10
14
11
40
22
18
34
10
34
36
20
18
30
32
33
10
13
18
16
10
26
15
26
11
22
29
34
38
39
38
2
1
11
4
40
24
13
25
33
7
12
12
16
2
35
9
3
7
26
18
9
12
33
34
14
6
15
40
35
5
37
28
37
7
32
36
22
4
12
14
2
24
17
18
25
11
18
27
18
35
37
18
38
29
3
4
26
17
3
20
14
39
8
10
37
31
38
18
26
1
23
28
24
39
37
40
9
14
19
18
40
15
35
38
35
30
33
20
6
35
31
11
25
30
13
13
20
2
30
6
2
4
25
26
2
21
17
2
26
35
12
25
1
38
14
35
27
6
6
25
40
29
35
24
18
39
36
30
40
17
35
2
12
11
19
13
31
35
7
16
22
18
40
14
15
14
1
2
19
38
26
11
26
12
26
36
11
14
25
10
22
11
11
34
21
21
38
11
16
4
26
29
21
17
2
28
22
2
29
33
40
6
3
17
17
20
12
19
33
36
29
15
38
31
40
18
12
37
28
19
1
5
7
13
14
40
40
35
34
20
27
33
17
21
1
34
1
13
12
25
40
32
31
38
23
30
15
26
27
35
4
19
31
2
23
36
33
23
31
26
34
9
10
11
22
3
36
22
15
39
38
14
31
29
11
5
18
18
22
36
4
17
6
34
10
29
30
2
3
12
20
28
20
21
38
1
23
25
14
29
24
12
3
6
32
5
2
9
14
23
37
17
39
34
11
40
14
32
1
16
3
12
4
14
25
33
7
7
18
12
36
33
15
30
30
6
26
31
7
40
13
3
8
3
28
18
2
2
1
34
9
35
38
4
1
22
37
7
20
6
10
7
30
25
28
19
30
14
9
36
5
13
30
12
7
18
22
40
11
22
25
19
9
22
23
9
35
11
7
15
8
16
21
37
40
9
15
22
14
15
9
18
19
39
29
17
8
2
16
10
24
32
28
24
14
2
32
8
12
38
14
19
5
35
7
5
35
13
18
8
27
26
17
37
16
5
13
15
7
20
24
22
12
4
5
17
5
28
16
9
25
30
27
29
16
26
25
10
38
34
9
25
20
25
13
27
29
18
2
27
37
25
40
40
28
36
16
25
23
24
33
7
13
11
28
28
36
4
37
34
38
5
10
9
29
22
35
9
39
36
28
28
21
19
19
40
15
35
24
37
18
16
36
22
19
15
9
14
18
37
7
7
1
16
15
21
30
10
21
20
5
40
7
17
19
26
9
25
12
32
21
21
40
8
2
18
14
2
23
32
38
30
38
30
37
13
2
26
14
22
6
18
14
4
27
32
21
35
8
32
18
28
4
17
28
5
26
1
38
9
24
35
38
14
24
26
18
25
4
31
39
1
40
4
4
26
27
25
20
34
8
38
13
12
6
40
8
24
33
6
32
8
32
21
21
16
6
30
32
9
12
22
1
12
25
5
29
11
21
1
4
20
30
17
31
27
8
31
10
32
28
1
40
19
21
12
26
19
34
10
19
5
31
20
8
8
16
37
10
28
29
6
7
18
14
30
4
13
20
14
5
39
6
36
17
19
7
3
37
40
4
7
37
26
18
4
33
33
32
35
20
20
32
27
29
5
16
25
17
27
30
21
25
35
8
33
13
15
27
1
6
30
8
34
16
17
38
40
10
21
34
21
33
17
39
21
21
6
37
30
32
26
2
8
21
10
1
33
24
27
26
21
9
25
15
24
1
4
23
10
16
9
23
8
25
21
21
38
19
17
27
10
3
28
10
23
37
2
7
12
28
32
25
36
16
39
11
17
34
26
18
9
26
32
9
10
5
29
39
23
5
25
24
39
5
33
13
1
34
20
5
14
3
29
1
19
19
12
27
12
37
36
12
22
28
20
23
32
40
22
6
37
38
29
35
34
22
8
35
7
27
31
20
21
19
21
31
37
24
9
40
20
5
3
33
24
23
7
7
22
20
12
10
18
40
5
11
13
12
37
20
30
19
39
10
37
11
33
25
34
1
16
5
5
19
29
20
33
36
26
6
15
29
16
24
29
20
27
33
23
15
12
4
34
3
5
22
13
37
39
39
38
14
35
34
24
24
14
16
19
31
22
25
12
37
1
32
8
27
24
30
33
36
33
18
30
37
40
2
26
38
32
23
3
27
8
27
10
13
34
20
4
15
36
15
3
36
38
10
14
21
31
7
8
15
24
37
4
15
39
29
4
22
3
7
8
10
25
9
23
18
20
18
25
16
24
19
11
21
29
25
1
11
31
9
26
6
5
29
21
35
17
24
9
19
22
16
20
38
17
2
16
36
19
32
11
2
10
14
14
30
30
15
1
12
15
18
17
11
6
29
6
14
13
14
24
26
21
3
24
29
37
31
25
15
22
27
9
23
32
22
13
21
28
5
32
2
22
1
13
27
29
10
32
33
15
7
19
27
9
34
16
37
24
32
4
37
10
12
19
34
25
31
14
5
35
38
6
16
38
10
34
26
11
17
19
25
23
29
4
24
22
19
12
37
2
15
33
3
18
11
36
3
34
10
39
28
7
36
36
4
6
21
21
8
30
31
25
4
11
28
27
32
38
39
20
39
5
12
1
23
23
37
17
16
38
15
35
36
10
22
31
7
35
11
15
24
34
39
27
4
26
6
36
15
36
15
5
40
19
5
14
1
33
30
8
22
4
34
17
14
16
7
20
10
18
26
25
11
24
11
14
1
8
1
7
3
8
11
35
18
8
8
10
40
38
17
22
33
2
30
38
17
37
10
18
6
35
34
16
11
5
21
3
4
14
10
39
13
20
33
30
27
32
39
19
21
7
32
14
8
21
11
17
9
12
26
14
7
20
29
17
16
2
11
19
7
20
9
11
32
33
40
10
25
30
20
5
28
3
10
27
24
13
35
32
24
21
6
30
32
26
38
7
19
1
17
25
12
26
35
3
18
26
5
34
7
24
39
26
27
40
13
2
4
7
25
28
19
22
9
10
40
39
16
18
39
25
35
10
10
21
5
19
39
9
13
37
24
3
23
10
2
35
3
6
33
20
25
12
1
33
13
40
23
21
10
21
5
36
23
6
16
27
24
6
27
36
3
10
30
25
12
24
11
14
21
35
33
5
38
26
29
11
25
12
31
26
24
27
21
38
32
37
24
7
2
2
35
36
12
24
20
23
7
22
28
27
17
21
23
14
6
12
24
22
15
6
40
30
32
20
28
15
8
3
22
2
5
16
37
8
39
9
30
38
30
17
16
6
29
39
12
26
2
35
40
8
33
39
29
16
10
16
31
10
11
12
11
7
19
39
14
9
7
35
6
29
3
22
26
32
12
37
9
13
24
8
12
16
38
40
23
8
8
13
9
18
16
19
16
34
9
21
35
8
15
40
36
17
13
13
40
24
10
9
28
33
8
39
40
38
39
14
37
38
27
5
15
34
15
22
20
23
2
14
30
8
5
17
24
18
30
16
33
39
16
21
23
15
19
14
12
9
27
8
6
5
12
12
31
26
33
10
1
26
15
30
33
19
39
9
28
28
24
21
18
31
1
32
5
11
5
17
12
23
16
17
20
28
21
10
5
5
11
5
31
17
27
15
35
25
23
15
4
38
35
21
28
35
12
25
37
8
1
8
22
8
17
1
35
37
2
32
33
4
28
15
20
6
30
7
30
12
21
33
2
15
5
21
1
16
5
37
15
37
5
37
5
21
37
31
9
31
22
1
34
2
16
6
7
37
12
29
40
32
13
1
6
18
22
38
33
18
34
40
15
30
36
19
2
32
9
2
14
23
35
40
24
10
5
30
38
16
18
37
7
31
30
4
40
11
33
24
28
26
23
34
8
18
12
9
2
21
11
15
3
5
14
26
6
18
7
35
25
17
31
23
39
20
18
38
22
10
13
2
36
36
35
35
13
7
3
6
19
5
21
21
1
26
38
38
36
36
32
20
12
23
35
2
34
12
39
8
22
12
1
9
39
35
3
11
33
37
9
11
2
29
23
34
6
12
32
33
8
23
5
11
37
39
13
23
10
3
22
31
6
22
31
4
16
33
7
1
30
15
3
23
35
18
16
40
29
39
25
28
22
29
39
10
27
3
24
28
5
5
11
3
26
1
6
34
34
12
26
15
18
28
29
12
5
36
4
26
35
28
5
8
8
3
9
34
37
33
21
2
37
31
4
15
24
1
8
9
5
33
23
22
12
3
26
17
38
21
34
32
40
38
39
7
33
8
40
29
32
12
22
28
35
17
34
18
18
1
26
14
25
40
35
37
2
12
5
39
32
38
23
31
27
13
29
19
12
20
40
3
32
21
23
18
30
16
27
7
17
12
20
33
3
6
29
36
10
33
26
33
22
8
16
9
21
4
19
24
24
10
27
15
23
9
24
12
16
10
10
24
13
29
17
15
26
5
2
35
30
27
28
11
35
3
11
7
38
22
30
21
31
8
27
5
8
10
16
24
19
25
7
23
5
15
29
31
20
30
17
9
17
36
11
3
30
22
1
28
35
22
40
17
22
27
22
29
28
37
4
7
14
11
21
18
17
10
40
36
39
9
36
7
4
7
9
26
20
1
5
6
15
4
22
36
30
3
24
18
32
28
16
37
30
36
14
6
37
6
34
36
14
29
2
9
27
3
34
38
35
38
3
9
2
17
4
23
11
20
32
34
7
7
30
28
35
36
25
31
1
18
18
6
39
12
14
17
14
40
15
40
37
9
9
30
25
4
5
28
23
36
21
21
35
3
8
21
38
33
11
38
2
21
3
40
32
8
17
37
7
23
36
36
31
36
17
8
40
21
27
14
9
7
35
35
9
34
15
38
18
17
27
12
37
21
11
28
29
19
16
27
1
12
22
24
39
39
31
30
11
9
4
11
7
30
5
8
15
11
5
33
28
32
4
16
12
6
36
32
25
11
19
17
14
40
40
13
30
22
2
33
30
37
3
37
26
40
4
1
10
8
25
29
31
28
37
35
25
24
26
9
34
4
26
40
36
17
4
25
39
37
9
28
34
12
16
11
3
11
11
12
11
27
33
1
6
29
35
31
12
13
31
37
16
8
28
11
25
31
28
23
20
28
2
13
31
10
15
33
20
26
5
30
4
29
31
10
9
17
40
12
29
30
8
37
38
28
39
14
10
18
36
29
6
29
1
36
38
16
29
18
33
25
7
28
13
29
37
21
38
36
32
26
18
31
14
7
18
13
20
28
30
7
8
35
35
9
23
33
16
11
2
40
27
40
27
31
21
16
3
18
11
34
35
20
16
9
26
26
13
37
5
2
3
12
29
38
12
11
22
19
13
23
10
31
22
29
21
2
4
23
11
6
8
6
26
23
6
3
40
18
32
4
19
34
8
39
31
11
1
12
30
5
26
31
35
40
19
15
1
14
37
4
20
4
9
37
19
6
31
18
23
22
14
33
16
13
24
38
23
24
2
4
29
27
35
15
26
13
30
19
27
18
14
38
14
22
34
32
27
24
1
1
38
6
33
13
10
16
10
33
32
3
36
12
30
30
26
7
35
7
17
13
25
30
10
30
3
35
13
21
10
13
21
7
11
6
11
20
13
13
12
4
15
40
7
36
21
33
3
7
31
19
19
7
1
20
36
3
6
8
24
16
13
4
14
23
1
17
34
14
29
38
9
35
37
16
31
9
40
25
16
30
35
26
29
35
38
24
38
3
24
13
10
36
16
16
10
9
32
3
22
12
40
30
6
28
37
28
37
36
12
4
18
7
21
6
1
18
21
30
13
4
2
22
31
10
29
40
18
20
35
31
23
26
12
21
14
9
8
2
36
20
37
13
18
17
10
18
27
31
40
39
34
1
12
17
2
1
16
19
12
2
9
35
28
13
15
33
21
14
26
16
33
14
21
2
30
30
12
16
20
11
6
6
3
18
14
5
18
21
15
21
23
16
15
2
28
21
26
8
27
11
15
19
24
27
13
5
17
24
13
28
34
10
25
28
27
38
32
36
19
7
17
33
14
23
34
1
36
19
8
22
21
14
32
36
1
4
32
9
19
4
36
12
14
13
32
32
2
15
20
20
13
36
4
26
10
37
26
5
7
25
18
19
39
10
14
31
5
38
39
24
33
26
27
38
38
18
30
40
33
9
11
5
36
7
23
5
3
8
2
2
33
11
20
31
20
26
21
17
23
11
40
15
36
18
13
26
36
34
17
20
34
19
16
29
25
38
25
20
38
26
21
30
37
32
12
8
9
24
24
23
34
15
30
21
33
34
6
20
27
22
31
20
1
38
40
25
28
24
4
25
10
16
14
38
40
17
37
40
32
13
23
25
27
4
5
11
37
3
22
23
24
12
34
16
10
33
33
37
8
28
21
17
4
26
6
35
34
3
34
25
15
8
1
33
11
37
36
7
39
17
21
15
29
6
30
30
30
22
26
38
10
38
6
5
15
4
31
8
38
24
24
4
24
24
36
26
20
31
33
19
8
5
33
28
3
14
17
32
36
34
21
37
31
27
1
37
30
31
36
27
6
19
30
21
2
17
7
13
8
31
31
7
35
15
34
37
29
2
21
24
35
1
12
17
19
12
13
8
34
40
26
31
18
7
12
11
24
18
23
23
8
6
29
34
20
14
31
40
15
3
15
1
35
26
17
14
29
21
13
22
20
31
13
29
37
24
31
20
1
5
2
40
10
22
33
22
27
15
21
33
17
28
25
4
13
1
17
2
13
21
23
24
11
27
4
8
10
34
27
2
31
21
1
40
34
26
13
13
40
26
37
17
13
22
20
17
14
28
18
27
8
33
2
19
11
6
18
13
39
36
14
21
8
7
21
2
32
25
6
31
10
34
39
14
15
10
31
29
29
40
7
37
24
8
7
35
5
24
7
36
19
12
16
27
10
36
20
1
13
17
24
14
10
14
28
25
16
10
5
4
1
3
40
25
2
6
11
7
21
17
2
40
20
17
18
30
5
37
22
9
5
5
22
14
11
1
30
26
2
26
29
3
20
21
19
22
18
29
20
39
37
21
30
16
29
7
37
25
35
19
33
39
15
15
4
25
15
34
2
9
11
31
11
31
11
29
4
20
9
23
18
5
3
7
12
23
5
9
8
31
19
40
21
33
14
25
10
21
10
11
29
12
33
31
2
35
11
5
15
19
27
32
15
21
31
26
4
27
26
11
10
4
10
30
37
16
6
6
28
7
8
8
19
1
30
20
35
40
17
1
18
35
25
32
16
7
9
19
25
35
21
34
38
22
24
26
29
21
23
8
28
31
7
6
23
36
17
9
35
33
10
4
28
34
27
35
32
36
5
16
22
25
10
11
38
25
29
27
5
11
26
32
33
33
29
15
28
6
24
15
30
25
18
17
10
37
3
1
32
7
16
5
23
17
15
21
1
35
39
6
6
24
29
38
16
18
13
36
15
28
10
4
4
19
13
13
15
15
13
38
14
20
2
36
37
9
16
29
3
14
26
40
30
15
38
5
24
2
40
30
21
1
33
24
20
37
36
26
12
40
24
25
11
17
12
7
17
28
28
12
33
13
11
14
19
40
19
2
1
10
23
13
3
16
36
22
12
23
7
15
14
22
31
25
39
3
23
15
22
10
26
6
23
29
20
1
28
30
35
21
31
17
33
33
24
21
6
28
35
5
34
9
26
17
25
16
19
7
23
32
17
40
29
31
28
40
23
16
29
9
36
20
18
20
4
1
40
10
20
27
14
14
35
31
30
19
7
40
17
29
23
25
28
11
15
8
11
30
23
31
30
10
10
7
21
6
40
13
15
19
39
28
32
33
10
13
3
16
12
19
36
26
36
16
37
2
23
39
31
37
29
21
6
31
19
18
36
18
30
2
37
28
21
20
12
30
33
6
38
36
25
33
22
20
8
10
13
22
8
4
18
28
16
15
10
34
33
37
12
14
38
40
2
18
19
13
8
3
19
5
31
35
29
4
6
29
13
18
10
12
13
20
31
28
26
1
14
10
37
17
24
27
16
25
4
26
29
3
29
39
7
11
25
36
14
30
16
26
40
25
29
4
36
19
32
22
11
37
23
8
13
6
34
28
22
29
13
3
32
33
1
30
35
26
17
8
7
32
25
38
9
13
2
4
24
25
17
34
21
40
33
25
37
18
12
19
7
16
21
30
1
13
19
35
30
28
35
29
19
19
26
19
24
19
23
7
3
31
32
15
22
25
39
19
2
2
37
40
10
9
21
10
13
40
36
3
19
22
31
37
1
8
16
16
27
30
14
21
20
5
28
2
21
18
12
15
20
40
6
29
8
27
30
20
18
17
14
36
39
36
24
31
4
39
6
22
20
11
34
40
7
21
33
20
39
4
34
10
3
39
30
2
17
19
13
34
35
19
21
25
14
5
15
17
3
12
30
23
22
24
14
21
36
38
40
26
33
33
35
27
23
24
20
32
34
32
25
21
10
38
5
16
2
20
24
36
23
14
10
5
29
15
17
24
12
16
2
36
40
36
22
22
12
1
5
37
25
22
17
26
19
22
1
20
33
25
15
15
38
25
11
18
39
27
33
3
2
34
38
33
22
12
15
25
12
11
21
36
32
38
22
10
11
14
29
35
38
36
9
27
12
12
4
10
30
29
4
24
22
2
16
3
13
22
19
16
33
40
4
24
29
17
34
39
30
14
25
28
9
25
14
20
36
10
22
26
38
25
9
11
18
24
6
22
6
24
38
38
23
33
13
11
9
6
1
38
20
25
25
20
10
31
40
37
32
13
14
29
37
22
31
7
38
36
28
35
20
17
24
34
9
36
37
17
2
29
7
13
14
31
32
15
13
23
3
4
35
17
24
24
30
15
30
27
2
9
13
13
18
36
7
18
24
35
27
25
23
33
29
36
23
20
2
28
3
5
31
29
13
7
12
2
13
1
21
14
2
33
27
19
21
25
36
4
19
22
28
1
14
8
29
29
19
22
8
13
18
30
2
30
36
13
32
8
6
12
14
7
36
32
25
16
16
12
19
34
26
38
26
31
5
6
11
24
28
18
36
5
8
29
35
35
2
18
3
7
21
8
5
8
39
21
24
14
32
34
39
9
32
24
40
28
30
10
11
9
20
39
13
27
27
39
21
20
8
15
18
20
22
22
28
20
2
11
25
26
4
23
34
27
39
25
15
20
27
17
28
6
7
32
24
26
31
36
5
30
11
23
10
24
36
37
36
30
39
20
15
34
3
40
21
33
17
27
12
3
3
31
40
10
22
15
27
4
10
31
34
12
5
3
36
33
31
23
22
29
2
28
14
36
19
34
28
35
20
31
29
15
21
20
16
3
34
2
6
4
32
31
7
29
25
34
21
15
16
34
35
10
21
9
5
31
2
25
18
14
15
6
28
28
18
3
30
11
4
27
6
27
10
13
7
34
6
19
9
22
12
35
23
24
3
27
15
37
3
32
2
10
29
29
37
38
23
18
9
18
4
6
36
5
18
3
39
16
21
39
29
25
33
11
8
36
37
14
24
32
37
25
1
18
13
37
15
27
14
15
36
9
21
31
14
30
33
12
5
6
2
33
30
34
35
29
21
24
3
4
15
39
28
15
16
32
11
31
18
16
37
5
16
17
36
29
7
20
32
3
25
33
28
6
19
22
35
39
5
37
3
11
27
30
25
3
14
27
25
23
2
21
28
18
30
23
38
28
2
22
30
19
6
17
24
24
31
18
23
27
6
17
38
33
38
22
27
11
1
11
34
34
23
21
3
12
35
1
39
36
14
21
6
19
29
30
35
11
39
9
38
5
25
35
37
22
8
23
25
8
25
18
34
7
30
36
11
24
28
1
11
1
13
17
12
2
38
38
12
36
6
9
32
22
35
28
35
35
2
19
34
18
28
27
17
17
23
27
32
10
19
3
3
32
11
6
25
8
3
36
35
40
37
27
21
23
6
7
17
8
26
11
17
13
37
33
22
11
19
13
13
30
15
7
21
17
12
5
16
6
32
11
5
28
29
17
3
34
23
19
33
8
21
10
13
10
2
34
20
13
38
32
2
5
30
14
21
1
10
37
6
1
39
2
21
27
18
23
12
1
33
37
40
14
38
4
23
31
29
2
3
27
26
36
23
15
1
3
8
10
31
5
3
21
7
23
7
16
37
11
8
29
39
40
34
36
3
16
26
24
10
21
2
27
16
24
33
9
18
40
18
9
37
12
29
3
26
28
18
22
30
26
3
28
25
36
23
19
4
40
34
13
20
35
31
28
10
23
36
28
15
5
36
11
17
16
5
2
35
22
16
24
39
18
11
15
5
25
26
8
25
19
12
4
6
2
23
15
17
18
2
31
15
29
33
31
37
37
24
31
10
39
15
9
8
17
15
5
2
32
12
18
3
16
21
8
17
4
14
33
13
16
15
27
36
7
9
32
3
33
23
13
23
29
13
23
5
19
27
38
11
30
15
5
5
28
12
14
23
25
38
27
32
13
14
20
11
22
11
6
6
25
10
21
5
22
35
10
32
13
39
34
2
14
38
39
33
1
12
15
26
9
1
9
13
6
28
16
20
31
21
17
7
30
29
12
3
23
21
34
35
11
20
29
16
17
27
8
18
38
14
35
38
7
35
3
12
23
18
23
5
38
40
11
19
28
22
21
3
34
6
29
5
17
17
12
34
3
20
3
32
33
29
22
31
23
24
3
37
33
17
1
22
16
4
40
36
25
12
30
11
9
18
7
26
35
18
11
29
29
5
21
22
33
2
4
15
17
6
12
9
15
12
30
22
7
29
17
32
32
38
34
40
16
32
17
2
9
27
30
30
31
2
11
23
3
14
30
19
12
1
19
18
4
8
39
11
28
8
34
19
5
19
19
12
10
27
13
10
14
35
39
36
36
1
11
31
7
40
1
10
32
20
27
27
27
25
29
15
32
22
25
29
32
3
40
1
30
13
3
35
39
33
30
34
34
32
16
32
31
17
1
22
28
19
1
14
3
29
20
27
3
5
15
34
39
14
27
20
18
29
6
16
21
28
2
6
19
17
29
10
25
29
23
12
39
15
18
2
4
29
20
6
25
34
39
24
39
25
35
9
5
33
24
18
20
17
23
38
34
12
39
18
32
14
22
31
28
39
24
31
27
35
36
12
20
27
27
18
3
13
18
8
5
2
25
24
10
39
14
3
2
12
13
26
25
34
16
5
24
31
27
10
17
15
13
36
1
39
5
3
12
23
10
8
16
26
32
25
25
5
20
18
8
32
3
25
17
10
29
32
40
15
33
8
29
6
3
29
36
8
24
39
22
25
7
37
11
38
21
27
34
40
4
1
23
7
25
31
16
13
14
8
20
7
15
8
12
10
29
7
9
4
38
30
28
4
26
30
33
38
16
26
30
20
18
4
26
3
27
33
7
40
40
18
6
7
18
9
16
38
8
24
1
5
5
28
8
22
18
32
11
25
9
40
4
26
36
21
20
22
6
19
21
5
36
19
3
5
27
18
2
34
33
2
30
29
22
29
10
39
20
21
15
20
12
19
6
7
31
17
28
36
27
1
33
15
11
35
19
37
5
21
23
29
22
12
18
3
33
19
33
12
39
8
32
11
18
29
17
40
37
37
36
24
29
20
38
39
6
16
27
2
36
9
31
10
13
40
4
5
18
37
8
17
36
31
19
5
19
27
4
8
23
31
31
3
10
28
1
8
35
28
9
23
28
31
32
32
30
27
36
40
23
4
8
10
34
26
6
5
12
2
12
27
32
34
21
34
13
22
33
7
1
1
21
28
32
4
20
13
31
7
12
5
2
19
15
28
36
12
24
40
13
35
18
37
20
38
22
32
19
14
30
11
14
11
31
37
14
2
10
4
8
21
1
2
32
7
29
27
18
12
26
23
38
3
19
17
1
40
40
11
13
29
22
18
31
12
15
37
5
24
32
12
36
32
5
27
38
33
14
16
36
31
30
33
34
8
1
26
39
32
36
11
13
9
28
3
12
34
39
16
17
31
20
13
14
24
39
12
9
4
19
4
35
8
29
20
7
21
5
5
13
32
15
25
1
34
19
4
28
18
20
36
40
31
40
5
14
31
16
14
34
26
18
28
25
38
7
31
18
3
35
22
35
1
38
35
27
17
38
6
26
9
1
17
31
1
21
5
23
29
10
16
14
27
36
39
16
34
29
26
37
16
7
31
16
5
17
34
13
6
39
38
7
32
6
37
24
26
33
6
14
3
21
20
21
8
10
37
2
30
22
38
5
20
20
13
16
28
6
28
25
37
17
31
28
22
20
11
40
12
16
5
6
28
24
19
36
25
15
37
15
28
26
19
39
37
23
15
16
21
2
40
17
11
23
4
32
2
14
23
5
21
28
3
8
3
21
35
28
27
31
2
14
8
12
12
36
35
26
11
7
20
11
23
30
25
26
13
26
31
36
22
11
23
24
18
17
4
13
4
30
35
37
35
35
9
39
30
35
16
1
1
27
3
15
16
27
40
29
4
30
16
17
40
30
1
9
6
36
13
10
18
40
38
4
34
38
2
23
24
10
15
24
36
17
38
4
35
29
24
38
18
39
7
9
28
7
10
33
34
22
34
3
21
24
7
6
21
40
21
5
1
35
20
37
4
10
40
30
38
15
20
8
13
26
16
32
24
25
16
17
39
2
20
11
25
18
17
5
9
29
9
10
15
29
6
10
38
37
40
27
11
19
34
15
36
2
6
19
18
21
27
16
22
38
19
6
15
35
3
24
15
11
25
29
31
30
39
20
18
38
39
20
8
32
34
35
25
39
13
3
11
31
10
25
29
28
22
35
14
24
10
28
27
34
9
17
15
7
29
32
36
27
11
35
10
36
29
35
34
33
29
37
23
38
21
11
18
2
6
31
26
7
11
12
1
19
20
15
25
40
39
12
26
1
6
28
37
26
22
22
18
2
18
40
39
38
3
16
32
8
39
9
6
9
12
6
27
31
13
3
23
3
14
8
35
11
35
31
36
8
13
13
9
22
4
40
20
6
7
3
5
5
11
11
5
22
8
31
4
20
25
26
14
38
34
9
40
20
31
35
20
3
39
20
25
3
19
36
8
18
30
13
22
40
23
27
21
30
9
24
2
34
10
7
23
35
15
23
6
6
9
25
40
8
37
16
10
15
3
9
32
32
21
6
23
35
24
3
25
32
19
18
17
28
24
40
14
31
14
19
28
22
36
19
21
32
27
22
38
29
31
30
13
3
27
35
38
10
38
14
33
8
31
10
35
6
1
40
28
14
18
15
27
13
26
8
4
12
29
34
40
11
23
4
14
1
39
11
2
28
24
34
35
6
35
21
11
35
20
39
8
29
5
27
2
30
34
37
1
14
30
33
25
4
36
38
36
34
40
37
13
23
23
7
28
17
19
30
4
30
20
3
19
25
29
12
6
14
40
7
28
22
39
4
17
26
1
13
12
40
1
24
14
23
23
33
32
1
22
35
31
2
29
1
18
18
12
23
31
11
21
10
32
11
13
9
37
5
13
8
36
13
31
9
28
5
33
11
6
15
37
28
8
25
28
25
34
39
39
17
1
20
26
25
22
31
25
18
35
37
17
31
1
40
31
20
4
24
30
1
30
18
28
37
3
7
13
28
5
3
4
38
14
22
22
36
12
6
5
38
34
22
20
34
13
11
14
16
26
35
17
15
13
36
3
7
3
7
34
39
1
30
36
15
11
9
2
14
14
6
11
39
19
31
33
23
33
38
39
18
24
7
24
28
2
18
34
4
16
20
3
16
9
30
30
19
39
23
32
4
21
2
3
31
24
27
14
16
24
12
25
39
10
40
27
11
17
20
7
32
39
9
40
7
30
29
17
28
4
40
24
24
34
26
14
17
12
27
25
27
30
9
25
39
9
11
10
17
23
16
1
13
16
40
12
37
28
28
17
31
28
40
14
13
25
20
29
36
6
13
14
36
14
38
34
22
1
35
30
15
2
30
27
9
29
38
38
17
18
14
39
37
13
5
9
37
24
29
24
21
2
29
8
7
26
34
20
18
28
9
32
22
39
11
22
27
40
19
35
17
32
26
5
4
30
5
32
5
34
7
17
27
35
25
33
13
18
12
30
37
20
14
18
18
16
40
37
15
10
31
24
2
16
28
37
37
33
29
1
18
35
18
4
30
2
28
2
11
39
23
7
10
28
25
20
3
16
16
10
17
38
33
18
14
12
7
10
36
35
3
13
21
12
8
2
5
27
35
15
25
10
21
27
37
37
38
32
4
13
1
21
10
33
38
15
36
36
25
32
30
19
36
3
30
36
36
34
22
31
8
39
40
20
17
28
17
14
19
20
26
19
40
27
3
30
2
39
25
18
22
7
36
9
1
17
4
36
10
18
18
9
16
9
20
32
37
36
37
15
8
14
34
39
40
36
20
33
26
37
2
7
35
37
8
35
13
11
22
14
20
40
14
27
8
34
10
36
21
6
11
28
19
4
19
19
31
30
3
17
26
5
15
20
33
22
6
38
25
20
11
4
11
17
31
10
10
40
6
30
6
16
10
24
11
20
34
1
9
29
9
27
33
24
6
17
37
4
14
21
15
17
25
25
33
7
34
2
6
31
23
3
38
32
19
8
3
4
1
12
32
9
38
16
24
35
33
21
30
6
1
4
14
17
20
38
23
6
31
21
36
14
23
34
37
33
33
40
37
33
11
28
34
40
4
17
34
28
29
16
25
22
19
39
38
39
36
13
4
27
25
31
32
39
24
28
32
17
19
28
1
21
7
34
20
2
11
6
29
39
21
14
20
31
12
10
29
39
14
24
17
38
15
8
36
38
36
27
6
6
6
7
27
13
40
6
14
2
3
3
33
15
16
12
6
19
13
34
9
26
10
26
23
24
33
11
13
20
37
19
26
35
17
12
7
8
9
12
10
4
6
2
18
13
5
23
31
18
9
32
3
18
17
18
1
9
28
13
21
16
23
38
10
31
1
8
39
9
20
8
4
25
9
22
38
5
4
20
22
4
11
17
21
19
26
21
20
13
26
40
20
40
37
30
31
37
29
29
37
8
36
1
25
36
14
14
40
9
25
14
13
36
30
33
14
7
6
25
19
23
24
30
22
12
11
12
40
40
32
29
39
27
21
23
14
34
28
6
34
13
19
6
40
40
31
5
38
36
30
16
18
5
37
31
17
8
35
8
39
26
36
37
5
16
12
18
1
39
15
35
3
25
40
2
16
30
7
13
17
28
20
26
32
17
17
40
24
11
8
22
36
3
10
40
11
21
10
11
12
24
37
14
1
37
8
16
18
6
29
27
33
8
12
24
24
20
24
39
22
23
12
10
17
14
1
27
34
10
30
37
26
26
3
18
14
10
33
24
15
21
10
39
21
13
22
36
25
37
35
6
11
38
15
28
3
8
14
29
17
3
25
34
21
27
11
34
28
36
17
34
16
18
32
36
31
14
24
15
2
10
20
13
7
27
32
2
34
5
30
2
40
14
28
20
33
30
5
12
25
22
6
33
39
37
20
21
2
3
35
4
12
7
8
11
25
39
12
18
35
1
11
26
6
30
37
30
20
2
2
36
15
7
28
5
3
8
18
5
2
4
8
14
10
7
16
26
37
27
35
23
19
6
9
24
35
37
14
6
30
15
2
36
21
21
33
23
20
10
19
22
13
18
27
15
24
2
40
12
28
35
35
6
40
35
21
26
23
34
24
13
40
17
40
12
37
32
27
17
1
5
38
14
23
24
28
38
17
27
2
4
13
36
1
12
22
21
30
36
7
13
40
6
21
40
10
17
31
36
33
32
32
22
37
14
37
16
4
13
34
5
8
7
32
8
10
5
21
31
40
27
3
40
24
23
39
33
32
21
20
16
4
12
30
40
25
26
7
20
31
1
24
38
7
15
38
8
19
18
39
11
36
33
2
19
8
32
12
39
12
31
14
16
34
35
7
19
21
14
30
3
14
14
32
12
28
29
19
39
38
9
1
33
2
2
12
9
33
15
39
4
37
4
11
31
39
18
1
11
31
30
13
4
35
36
7
15
25
17
5
14
26
5
7
19
6
10
27
38
16
17
33
4
20
4
26
10
21
18
20
11
40
24
6
34
20
12
8
36
20
12
9
5
8
7
23
13
8
1
2
15
17
35
19
29
38
36
38
18
14
10
20
13
33
25
6
4
28
6
39
7
9
40
12
17
38
26
21
38
27
23
12
35
17
22
23
6
18
13
23
31
22
2
35
6
18
32
10
5
37
40
11
38
39
14
6
29
40
18
26
18
40
29
12
8
11
27
5
20
39
19
10
20
12
36
17
29
27
26
25
16
26
36
13
16
1
10
4
40
27
21
17
19
10
21
18
20
7
23
31
5
1
40
16
13
27
32
1
13
10
26
28
27
13
32
2
13
1
38
5
28
18
13
38
19
33
15
30
31
37
20
35
38
11
2
2
37
26
34
10
35
19
37
13
23
21
6
28
21
3
24
40
13
36
37
31
21
12
21
11
40
40
38
29
3
39
30
39
16
24
8
2
34
37
14
9
17
20
36
29
14
19
29
18
6
25
1
26
28
21
29
28
12
26
8
14
16
38
5
32
21
12
33
6
40
39
14
8
10
1
37
23
19
25
33
25
1
33
2
21
5
22
8
8
7
15
14
15
4
18
6
16
21
30
22
21
28
27
28
37
28
16
12
6
40
4
22
33
28
16
13
32
37
20
39
36
26
12
10
22
29
7
37
10
28
10
22
8
37
1
36
16
17
7
13
8
2
27
40
29
2
12
12
30
23
11
25
1
14
26
22
3
24
10
4
12
12
17
19
8
9
6
15
25
13
27
33
6
13
32
27
14
36
38
36
18
8
12
18
22
38
31
16
13
1
11
16
12
19
34
11
27
32
25
12
36
11
36
1
24
19
27
29
14
17
24
24
24
36
1
37
25
32
4
29
24
14
5
35
32
30
37
11
21
21
22
16
23
9
17
38
19
35
27
33
11
2
16
27
29
8
15
13
31
19
2
14
24
6
40
8
35
36
18
8
8
31
23
31
39
39
20
17
26
6
1
36
8
8
14
36
8
29
1
38
7
34
4
22
31
3
29
17
31
6
24
30
28
7
12
26
37
32
35
14
37
27
2
36
27
15
24
34
3
16
31
1
9
34
23
31
29
3
7
19
9
23
40
36
29
12
14
17
3
40
31
31
18
32
27
4
38
10
37
1
25
20
33
25
5
7
15
25
10
13
35
10
35
35
37
15
6
2
32
8
33
14
38
11
37
16
6
34
17
35
34
33
14
19
17
10
17
23
35
18
36
29
27
30
23
16
37
28
9
28
27
2
33
17
4
29
24
9
22
1
3
8
33
8
18
2
18
34
24
4
12
11
32
30
33
15
5
29
34
14
8
13
7
40
21
10
20
4
10
1
4
13
40
29
12
17
22
29
11
37
32
14
8
16
3
40
22
40
20
7
5
27
19
11
18
31
12
37
35
21
29
30
25
29
10
37
5
31
17
7
28
1
20
35
16
15
26
37
14
5
3
10
23
14
12
40
4
23
28
30
35
8
20
12
36
29
8
33
12
16
31
39
16
3
25
31
17
2
27
22
6
22
23
20
35
34
11
30
8
38
20
2
5
39
13
33
19
12
17
22
28
7
20
35
9
36
26
17
37
4
30
34
17
12
13
3
37
23
33
4
12
12
6
17
2
10
1
12
14
17
34
33
23
13
27
24
1
4
32
37
40
14
31
16
25
35
19
22
18
3
17
21
14
14
37
7
16
29
18
29
5
11
13
20
16
31
35
16
27
26
4
26
39
34
33
16
21
3
29
38
5
5
18
10
19
7
16
34
27
34
14
32
4
26
3
11
8
37
26
34
14
30
11
5
15
36
20
35
38
40
24
35
4
34
4
14
32
20
7
18
5
12
1
8
37
35
19
37
31
36
30
37
25
33
1
32
28
12
26
17
11
2
11
6
35
15
20
26
26
18
35
30
30
28
29
18
22
39
14
5
35
36
1
11
20
33
2
7
4
20
15
6
21
26
11
15
32
22
32
17
40
18
38
21
5
26
38
19
17
4
23
11
31
15
13
10
7
15
8
2
34
22
39
6
39
9
12
30
23
3
38
22
12
35
34
17
13
31
35
29
26
9
31
16
23
3
25
21
9
24
14
34
38
12
39
36
12
10
26
34
4
15
7
8
2
40
24
14
23
10
34
8
10
16
24
24
18
40
4
19
16
17
12
13
28
3
8
39
4
25
25
40
40
31
7
1
31
22
6
5
23
31
12
32
6
35
15
15
27
18
33
2
26
37
14
5
39
21
35
2
38
19
1
37
2
7
37
24
20
34
28
2
24
39
33
29
26
7
3
12
16
28
5
33
24
10
37
14
22
24
15
19
2
8
15
35
6
3
18
26
36
5
19
11
36
12
39
21
10
34
24
18
21
20
10
36
29
39
9
10
22
15
21
15
14
35
10
20
30
27
37
17
24
15
28
19
18
26
31
28
11
6
37
23
17
38
18
37
36
18
38
17
33
18
24
6
5
33
17
34
11
13
10
34
20
29
4
37
7
26
16
17
23
12
40
39
10
9
35
37
27
33
6
11
2
29
16
6
21
25
39
31
37
1
17
8
21
20
37
27
38
12
4
20
16
35
11
17
35
37
5
13
21
10
23
23
38
39
28
10
23
19
33
11
11
9
11
31
20
7
18
17
10
13
29
17
39
31
25
33
27
30
6
8
39
28
30
37
18
9
38
32
27
30
35
37
30
5
28
10
3
37
18
12
9
38
21
7
28
5
31
7
34
36
14
33
16
35
21
33
3
18
17
30
40
11
18
29
7
37
30
9
33
8
12
33
37
32
39
17
37
22
23
22
17
36
14
32
22
26
17
24
4
25
5
35
35
15
23
1
11
5
1
36
4
4
28
40
36
19
16
24
40
38
5
8
25
11
32
6
36
8
22
31
32
26
25
18
32
40
10
3
4
2
38
7
5
17
38
40
27
6
15
26
35
20
34
20
30
25
17
17
24
38
8
7
16
32
24
7
23
25
1
18
26
30
16
30
7
14
22
33
11
36
11
5
7
36
16
28
12
33
5
35
22
12
33
37
35
8
36
10
32
28
27
17
18
3
38
16
8
19
8
18
15
10
14
21
5
30
1
16
22
5
2
3
8
34
32
2
1
19
3
24
6
30
40
15
24
38
30
23
16
30
32
22
39
5
35
36
34
35
11
7
31
5
2
38
30
25
31
23
3
34
6
40
15
38
15
38
35
4
12
2
33
3
16
24
7
10
19
33
36
21
39
26
17
40
15
7
16
5
29
18
38
34
10
4
31
24
33
17
19
4
11
12
6
26
27
5
27
5
37
14
17
27
39
34
19
13
40
34
9
20
4
39
5
13
2
28
36
35
4
6
30
6
17
36
31
35
32
9
39
20
22
8
6
12
1
16
16
32
2
25
11
5
15
15
17
16
2
4
2
38
9
32
3
18
19
26
12
10
26
3
21
8
10
18
11
10
34
19
33
35
35
3
39
9
9
7
16
3
2
18
40
2
1
34
19
19
11
23
20
37
25
32
36
34
9
6
35
2
16
27
28
10
21
18
18
29
16
34
23
17
3
14
19
3
8
29
13
10
11
24
6
35
15
33
20
23
31
6
17
6
24
36
16
4
14
33
25
21
18
7
38
20
13
8
22
12
36
34
21
39
9
19
25
23
11
5
38
1
2
6
7
26
1
22
21
6
6
37
27
24
36
16
3
8
23
17
19
10
2
39
8
11
17
33
33
20
29
22
20
22
27
26
7
20
39
20
25
5
8
3
20
3
18
22
2
40
38
20
10
40
11
9
2
19
1
26
38
21
8
10
3
26
35
1
5
26
20
22
22
28
24
1
22
2
14
24
1
4
35
2
35
5
11
36
16
3
21
5
24
20
14
26
6
1
26
10
26
38
31
39
25
7
39
38
8
4
21
40
7
8
2
1
4
4
28
19
38
9
24
21
28
29
6
25
29
24
27
6
21
9
4
37
15
34
34
22
38
7
22
4
14
15
37
17
10
24
28
7
32
3
28
12
31
25
28
12
40
14
17
20
15
21
8
29
14
2
3
3
40
16
7
5
30
3
13
31
26
40
37
10
2
16
13
25
33
40
36
32
14
4
12
28
16
11
8
30
12
10
24
3
25
30
39
6
24
12
36
10
3
25
11
37
32
23
21
24
22
8
16
27
11
19
6
27
29
14
8
33
15
31
27
32
13
26
29
36
37
17
5
31
1
7
27
32
29
7
8
3
6
23
29
17
33
27
35
13
32
2
5
6
24
24
29
36
9
18
32
37
34
28
27
26
35
14
17
23
12
24
17
18
38
6
26
22
32
20
35
15
21
31
20
4
14
9
40
14
18
23
10
11
10
29
36
4
34
4
19
5
20
35
14
9
32
39
31
15
18
17
29
30
39
1
26
13
1
17
18
18
39
20
20
8
8
15
4
1
10
14
37
21
8
3
30
32
1
12
6
11
20
35
32
18
35
17
22
35
25
40
4
23
19
23
23
26
29
26
18
38
39
6
11
38
8
32
21
1
3
27
3
14
13
34
31
39
3
13
25
27
12
28
10
22
2
24
39
30
9
16
19
39
13
29
28
13
20
9
13
14
27
15
27
39
8
18
29
2
22
13
29
33
32
38
6
33
21
4
14
21
19
32
11
23
21
30
35
40
30
39
14
16
13
40
6
13
9
34
14
30
38
2
14
21
31
19
5
3
22
18
15
32
10
17
7
30
7
1
21
36
40
26
12
4
26
9
8
26
35
14
8
24
7
21
37
30
32
1
32
5
19
39
29
20
15
35
1
21
27
21
9
26
7
12
22
24
20
21
1
6
34
8
30
1
21
26
30
4
18
13
8
28
3
36
7
18
22
7
30
9
20
38
26
18
1
39
33
13
20
33
18
13
33
39
5
13
24
26
8
34
31
15
21
33
3
28
10
16
26
32
24
37
21
10
6
22
8
38
34
19
23
3
32
15
2
28
19
17
14
26
10
4
32
23
28
34
10
30
10
27
21
25
16
1
26
21
14
34
19
39
4
33
34
27
7
35
15
25
3
20
2
5
15
33
27
2
19
28
31
20
14
3
4
21
36
30
2
1
15
12
40
18
4
33
5
2
19
11
18
21
22
19
25
36
11
3
29
29
30
12
40
36
14
4
16
9
25
9
10
31
20
1
40
15
25
4
16
35
6
25
7
27
3
24
14
6
26
3
26
16
14
26
11
27
29
18
28
5
27
29
35
6
21
34
13
37
30
20
31
35
5
37
14
39
20
27
4
6
21
30
13
34
15
15
13
35
32
32
39
18
12
25
16
32
18
28
28
7
39
10
34
3
38
39
2
18
25
37
15
6
26
19
31
32
33
35
18
24
26
8
2
37
32
9
20
10
36
39
8
26
8
33
29
6
31
22
15
8
10
21
5
28
39
35
19
31
22
29
14
7
36
7
36
28
15
15
29
2
14
36
28
13
29
8
18
11
21
24
10
30
4
14
17
2
1
28
32
22
16
38
20
11
4
15
30
11
30
18
12
3
14
31
7
34
38
25
36
10
40
6
40
4
19
8
5
11
35
29
24
2
26
4
5
21
18
34
23
7
12
27
1
17
17
8
2
7
24
37
16
23
2
15
26
13
23
23
15
9
11
39
3
28
2
7
8
19
40
31
26
3
17
18
19
25
25
20
31
40
17
7
23
10
13
40
14
27
22
29
28
24
19
30
11
20
36
11
30
27
1
7
30
9
25
8
33
1
20
16
1
28
14
15
37
26
14
3
5
28
23
32
11
1
21
14
12
8
24
1
34
16
8
23
24
24
23
8
24
2
15
16
29
28
22
17
6
36
11
10
15
33
1
17
25
21
30
28
28
5
29
13
20
28
36
35
3
10
35
18
11
9
34
31
29
15
7
34
2
10
3
8
2
3
25
19
15
6
6
34
3
26
6
22
5
33
9
7
2
3
25
4
3
10
34
31
24
33
24
18
2
18
25
35
20
1
5
26
7
11
19
9
28
17
22
33
9
30
31
3
24
7
38
19
16
32
9
40
16
25
9
17
2
33
3
14
34
8
39
32
10
10
32
37
26
5
21
26
35
12
20
10
18
18
28
34
1
29
25
16
13
33
24
6
17
26
19
2
33
10
33
2
19
16
31
36
21
11
21
7
22
33
16
32
10
36
17
10
24
33
25
28
17
8
33
33
25
4
27
10
13
19
11
23
27
33
18
7
4
30
13
17
22
20
8
31
15
16
32
38
8
8
25
24
7
10
9
32
13
35
1
25
5
3
39
31
36
16
29
39
37
1
7
19
21
7
1
27
22
25
25
22
32
1
5
39
10
5
22
22
31
22
38
36
16
36
18
3
3
7
1
40
39
40
10
19
6
2
38
27
26
22
8
18
22
5
8
24
1
29
5
32
2
3
27
9
30
36
12
25
2
4
24
1
3
25
11
40
26
8
27
12
21
26
21
35
22
20
18
23
40
22
6
1
16
24
1
38
19
12
22
21
16
37
21
10
21
23
10
6
31
28
9
11
5
29
37
19
40
14
33
39
28
38
31
35
21
32
32
39
3
13
19
10
1
31
20
21
14
21
19
36
8
27
38
4
8
35
22
7
40
14
6
27
11
36
22
31
19
13
30
22
18
40
23
10
23
34
31
36
14
9
23
13
27
20
17
26
6
38
33
6
12
30
32
22
17
5
5
36
10
26
9
19
25
31
28
39
25
10
26
38
10
8
3
37
20
19
22
25
16
6
22
27
27
6
1
4
10
5
39
11
30
39
29
6
29
17
5
13
18
30
3
28
30
5
16
9
23
37
25
30
35
39
9
21
4
9
16
5
5
6
16
26
4
4
31
33
12
27
37
30
9
39
17
38
35
32
38
9
20
14
31
14
12
39
27
15
39
2
20
3
40
35
28
3
30
10
35
2
37
24
31
5
14
39
34
9
30
23
9
1
36
39
7
8
29
25
14
27
26
25
29
25
11
8
20
1
18
14
2
14
29
24
10
3
22
35
11
3
17
11
35
12
2
1
11
30
25
25
17
3
1
37
19
12
5
30
12
14
36
5
19
24
28
20
26
1
14
28
35
30
39
29
33
40
22
4
21
38
20
29
32
12
26
3
23
22
32
26
27
27
30
5
11
9
24
28
9
37
16
35
18
6
16
2
37
29
37
17
26
8
6
10
20
23
12
2
36
35
28
22
14
17
26
24
18
1
11
18
29
18
13
38
23
20
39
19
8
36
36
25
3
33
34
22
7
37
16
2
24
3
23
37
11
40
12
28
32
14
38
20
32
10
9
14
29
7
25
36
34
12
20
37
4
6
10
10
2
17
11
25
11
25
13
14
16
24
33
7
38
30
18
29
39
26
34
19
24
18
6
18
29
18
6
24
15
7
25
16
24
35
33
34
11
37
7
18
21
40
16
18
29
25
38
20
2
31
30
26
1
36
35
21
5
40
5
19
38
29
26
21
16
10
7
18
7
5
36
27
36
3
36
17
28
33
28
29
15
17
14
7
4
40
28
8
39
24
18
29
4
4
1
19
13
7
29
11
4
16
29
39
18
24
7
37
8
34
26
23
11
31
21
6
31
8
6
21
23
23
9
27
18
10
37
31
8
17
33
3
32
22
2
2
5
40
38
5
34
23
19
36
6
39
1
36
39
6
8
21
21
17
39
38
18
28
20
17
4
13
20
36
34
21
29
30
20
26
26
5
1
4
40
6
3
33
33
33
30
40
5
10
16
4
8
25
31
27
2
26
39
21
13
24
33
1
6
4
27
31
9
19
27
40
24
29
32
16
13
22
15
17
31
23
12
38
39
34
17
40
20
7
20
32
23
4
33
28
8
11
10
8
29
36
7
12
16
31
19
28
12
25
37
34
7
8
24
6
2
32
37
21
38
9
4
20
12
36
39
11
6
9
18
34
36
17
37
12
7
15
31
10
40
19
35
38
27
18
35
20
9
32
32
39
40
35
18
3
31
17
14
28
17
31
22
12
7
10
15
5
25
38
14
16
16
9
5
34
18
40
13
19
23
4
9
14
39
26
16
21
34
29
8
10
12
21
14
10
31
28
15
7
17
20
22
33
20
18
26
30
17
39
8
39
34
16
12
32
33
20
4
27
8
12
28
11
32
1
21
22
21
27
28
37
6
1
21
18
19
7
7
27
37
6
26
30
13
29
14
5
8
17
23
8
20
11
10
12
3
22
33
15
8
13
12
6
5
32
23
23
30
21
10
18
26
27
8
38
7
13
34
7
21
17
6
1
19
15
4
13
37
36
28
36
40
31
1
5
14
15
19
36
35
20
13
12
38
20
9
37
24
3
3
37
11
40
29
29
6
32
33
34
19
20
30
19
2
22
15
16
29
25
11
15
5
23
27
34
35
27
30
10
21
24
38
31
23
26
11
21
17
36
14
28
15
35
6
9
9
12
16
37
36
26
11
32
40
29
26
26
8
7
28
28
31
25
11
5
3
13
17
19
8
31
6
15
17
3
23
25
6
38
13
2
15
16
25
6
4
2
24
11
9
11
31
39
27
33
35
29
5
12
40
5
34
37
19
10
32
1
27
37
30
39
30
36
14
15
1
18
16
24
20
16
26
2
6
13
34
1
33
31
4
24
35
37
21
13
38
12
5
24
40
26
23
22
21
36
36
21
5
3
37
17
11
22
18
16
26
4
8
11
34
3
34
28
39
14
32
29
17
36
4
9
21
26
30
1
14
17
13
10
11
9
26
21
23
36
29
8
39
36
10
32
39
4
11
29
9
2
9
26
29
13
26
9
38
15
1
3
31
13
13
33
14
38
14
36
25
2
35
23
29
5
6
19
40
16
8
8
17
16
25
5
20
10
5
10
24
5
12
6
10
24
31
23
14
4
10
38
37
36
13
17
40
18
36
39
34
35
7
2
10
23
39
30
33
35
39
8
32
2
6
1
18
36
15
23
31
16
12
27
11
24
3
11
2
30
1
27
24
39
20
26
22
10
7
14
5
37
13
36
38
18
28
15
13
34
37
35
9
1
21
19
24
16
21
17
37
14
35
21
4
15
6
25
16
12
30
20
8
3
7
37
12
26
4
17
19
32
11
19
32
24
38
16
39
10
32
27
15
27
7
19
33
12
3
8
15
25
20
14
19
18
11
30
4
14
6
22
5
9
1
37
32
30
4
22
31
27
8
6
5
15
24
37
18
18
37
33
34
8
6
12
25
8
2
28
21
39
2
18
7
2
6
30
23
9
11
5
35
19
10
40
33
25
28
2
35
24
26
28
23
24
40
8
31
33
35
4
23
28
21
22
21
26
11
3
26
22
8
20
40
9
19
24
26
39
17
20
22
3
39
37
26
30
4
16
22
30
11
37
18
31
18
38
8
20
33
33
1
32
5
32
40
15
7
17
13
24
36
27
26
27
23
3
16
26
18
30
7
29
26
24
11
35
14
11
14
6
35
7
37
39
38
28
14
37
5
18
20
32
4
37
18
18
39
34
35
8
15
2
28
40
17
31
26
30
1
31
27
35
37
15
26
27
3
31
15
39
8
34
30
4
22
8
21
12
33
16
19
7
9
39
38
25
29
15
7
21
5
25
15
34
40
32
12
34
22
26
32
22
11
21
25
32
20
5
3
4
12
13
2
20
3
31
37
31
5
3
11
2
27
18
27
18
1
38
11
23
23
2
36
25
15
20
16
26
16
10
30
28
14
23
39
17
14
35
7
10
29
10
3
16
19
29
33
19
18
36
33
32
37
28
16
11
7
31
29
15
32
18
34
6
32
32
22
37
19
20
7
7
29
1
14
39
22
39
18
39
34
2
31
30
30
38
33
28
21
21
2
12
30
35
9
21
19
30
18
37
2
16
35
22
8
9
21
29
7
30
20
32
31
10
21
20
39
5
40
19
17
1
31
6
28
39
19
38
21
28
34
22
35
28
35
2
28
15
23
26
4
2
17
27
3
30
38
1
34
37
20
11
30
2
8
17
40
18
14
12
5
39
25
31
18
20
25
6
34
7
23
30
8
40
8
2
29
5
2
14
2
21
16
23
14
16
31
6
33
4
17
30
34
2
20
11
13
36
8
38
2
31
19
1
22
26
2
10
31
36
15
24
8
31
38
22
6
28
27
30
23
3
19
16
36
31
18
8
26
18
38
20
40
16
12
21
2
14
22
24
1
36
39
8
18
36
21
23
23
7
5
5
2
23
12
29
5
29
29
31
38
26
2
37
1
13
9
34
18
30
17
18
18
15
18
35
10
38
10
24
37
14
28
30
36
39
18
33
20
38
23
17
15
24
14
8
36
22
1
6
4
18
23
21
24
32
15
34
30
16
17
18
29
37
7
17
27
16
9
6
6
23
23
20
38
28
27
25
1
28
30
4
37
13
16
20
4
31
5
25
38
14
2
27
10
40
35
36
8
35
34
13
17
16
32
14
35
11
38
35
38
28
31
26
32
6
5
27
28
2
4
26
15
5
4
16
37
38
3
4
24
36
8
40
3
39
5
37
1
34
24
38
13
14
15
36
19
20
23
7
21
26
24
27
22
27
2
10
16
4
13
39
32
20
30
34
11
26
23
3
11
6
33
24
19
7
19
29
26
33
27
38
18
10
16
32
36
17
1
3
13
6
33
36
17
14
29
19
39
11
22
10
8
14
25
26
20
35
7
38
28
33
27
37
3
3
28
30
19
29
33
23
34
17
18
2
31
39
21
29
1
2
30
9
15
6
26
34
1
32
31
28
25
10
24
27
12
12
16
22
32
40
37
17
17
14
18
7
4
38
27
5
39
9
5
13
14
30
39
14
22
21
33
38
30
17
24
33
20
31
15
3
23
11
19
39
16
28
37
20
18
15
16
16
23
20
21
29
9
11
2
22
31
27
19
13
3
34
5
14
17
19
16
39
21
26
29
37
5
17
16
22
31
31
38
14
2
10
2
10
20
35
24
2
21
34
6
15
28
11
20
36
21
35
26
34
12
14
30
17
30
37
38
12
19
27
25
20
28
18
21
39
5
4
33
17
38
38
32
17
40
3
4
13
38
29
6
1
34
35
9
15
31
39
26
1
17
3
20
5
20
40
35
16
36
27
33
25
25
16
1
24
18
4
36
7
24
33
8
17
27
8
31
9
6
8
9
23
10
20
19
22
12
13
37
7
40
29
31
16
36
23
31
14
18
27
20
1
11
19
9
38
27
31
38
24
38
39
38
8
18
8
29
21
21
17
27
12
38
9
27
33
31
17
6
40
35
18
32
38
28
40
27
14
22
24
30
20
14
27
19
24
35
39
4
7
15
23
10
12
31
28
37
14
36
34
5
23
11
37
20
39
28
6
4
10
29
33
21
35
12
39
18
38
29
21
36
3
3
5
7
26
32
3
39
19
36
35
1
39
31
20
29
19
17
32
20
38
17
32
32
20
30
9
9
18
21
4
12
16
40
10
1
23
4
31
1
32
25
2
30
8
13
10
18
30
1
37
27
9
28
10
28
9
18
36
18
30
31
21
5
30
31
37
12
26
27
13
17
4
6
38
11
10
7
20
31
40
8
9
8
35
18
28
35
35
15
4
25
6
24
21
35
6
18
39
24
36
3
32
39
40
22
1
9
20
20
40
19
27
8
19
13
26
38
39
12
12
2
28
9
18
9
4
15
18
34
38
13
36
22
4
35
3
4
35
22
16
34
33
34
34
11
7
11
40
37
14
11
31
2
20
8
2
15
14
19
8
4
23
35
25
26
29
27
30
23
40
37
9
32
30
34
34
28
4
33
25
17
4
15
10
15
14
3
21
19
13
20
22
36
14
38
21
2
16
2
16
16
38
24
7
20
9
1
7
12
33
31
21
28
37
22
34
10
25
14
29
37
33
2
32
38
40
5
39
15
6
7
22
36
22
29
15
31
21
13
2
13
36
14
33
32
36
26
34
12
32
14
8
16
7
32
14
38
36
4
13
1
10
34
28
32
14
34
14
34
7
15
39
34
21
31
17
16
8
10
19
39
15
26
7
14
17
20
11
12
15
15
5
25
1
24
8
14
18
21
40
16
27
38
9
39
20
25
6
19
27
24
10
33
10
16
6
18
27
9
22
1
23
26
17
23
1
16
37
10
28
28
25
15
17
25
5
36
2
11
14
20
34
23
4
3
30
2
13
16
10
34
17
32
11
25
15
11
1
3
21
28
30
37
34
38
22
39
33
15
9
38
34
2
13
29
37
2
30
1
18
39
34
26
31
4
10
37
6
2
31
26
30
12
23
23
9
36
21
1
2
21
30
35
15
2
23
3
36
5
3
5
3
36
30
25
39
31
21
4
33
11
22
14
22
36
36
22
23
9
14
24
21
4
10
35
37
24
37
32
28
39
28
31
26
9
7
16
40
20
12
24
30
33
37
4
20
24
25
2
24
31
25
5
34
26
31
22
9
28
6
37
18
33
19
4
2
25
11
33
4
22
16
26
6
4
21
25
27
37
18
11
27
34
7
12
19
37
34
28
16
39
16
34
31
26
29
24
10
39
16
6
13
23
23
10
26
35
35
5
23
4
7
2
38
13
13
8
9
38
27
25
36
34
10
19
19
30
2
21
20
10
18
32
32
40
2
10
26
28
14
8
31
20
1
20
24
14
20
24
11
6
40
39
32
9
17
10
38
10
30
18
19
7
1
11
38
34
20
23
21
25
23
4
36
23
15
19
28
26
34
31
32
34
29
23
34
5
24
24
14
14
33
33
12
33
35
10
27
6
24
39
30
38
34
25
13
9
35
40
34
28
30
17
13
10
31
7
14
15
30
20
20
22
4
31
6
38
32
32
3
8
23
24
5
16
40
17
24
26
9
10
5
30
18
18
40
9
24
5
15
13
24
26
26
27
16
31
16
40
15
10
7
37
33
3
12
24
20
28
9
20
29
14
1
6
23
40
6
6
5
20
10
20
5
27
39
13
17
14
4
31
24
10
19
8
12
31
24
23
10
32
34
38
37
35
3
11
34
9
16
30
20
17
2
17
35
40
29
12
13
32
34
28
33
13
28
36
35
11
19
4
34
12
1
23
6
35
33
32
3
1
13
23
9
14
39
4
5
19
15
10
2
40
37
26
4
16
21
38
26
31
33
12
3
33
34
40
20
26
23
22
18
28
36
27
1
26
30
6
4
36
15
37
35
3
22
39
11
3
28
28
33
21
39
27
5
32
19
24
10
1
38
27
28
33
13
21
19
34
18
14
29
24
11
24
18
32
14
28
34
33
16
19
13
14
5
10
38
15
33
39
16
30
17
35
23
22
7
33
15
24
6
4
39
16
19
17
40
24
4
25
16
19
3
21
33
40
30
22
14
22
20
21
4
28
8
18
9
14
10
24
30
7
19
28
23
29
4
22
12
8
6
27
18
1
7
2
32
28
23
5
10
34
18
5
22
25
22
30
30
31
5
19
37
15
39
11
3
2
24
14
1
22
33
19
22
31
20
13
19
35
9
20
28
26
24
1
2
5
23
32
27
19
2
15
34
40
18
36
34
1
10
26
22
34
4
35
24
16
39
2
2
40
13
21
17
36
22
19
32
36
2
18
14
3
25
7
35
2
35
28
2
36
13
16
29
9
2
12
16
1
6
17
40
18
37
16
14
18
26
5
5
27
15
19
22
39
17
16
32
3
35
25
38
39
40
26
7
2
38
14
34
3
30
25
20
27
32
33
36
10
30
1
36
36
11
9
34
19
24
25
22
10
9
19
9
1
5
7
34
34
21
19
36
10
35
7
28
26
32
24
35
21
16
23
16
26
31
1
36
7
17
17
16
17
28
16
17
32
15
2
17
35
20
12
36
14
18
16
32
9
39
18
21
14
32
28
31
23
28
26
21
4
35
28
13
22
4
21
5
10
23
21
36
34
24
31
40
1
6
23
2
36
40
22
1
32
2
31
6
29
9
26
25
3
13
37
16
8
9
20
9
31
32
4
17
15
27
16
7
24
30
40
20
21
14
12
12
15
35
9
3
3
26
19
37
31
7
4
30
16
15
39
6
6
2
14
12
28
21
10
12
10
10
23
31
23
34
34
37
28
35
31
22
20
10
10
10
8
13
40
23
27
30
21
24
31
34
35
19
15
5
22
16
6
4
6
28
29
32
16
17
26
38
38
5
39
8
7
7
12
38
29
39
27
9
14
17
35
9
27
9
5
8
16
2
3
22
21
32
5
36
40
30
33
37
26
32
36
32
30
40
21
18
38
7
19
3
16
13
11
34
13
7
2
28
40
36
1
20
19
5
15
18
34
40
7
20
23
34
3
12
33
24
21
22
22
39
25
37
11
27
31
15
34
24
3
33
11
3
5
30
8
19
7
33
10
13
4
24
7
7
27
39
22
8
21
3
6
5
32
9
23
14
23
16
29
17
1
39
20
5
20
19
15
27
11
17
31
15
40
37
13
27
28
26
34
40
20
31
36
11
31
18
16
14
26
36
30
18
27
1
14
6
19
28
24
22
36
15
28
36
3
40
14
30
25
39
29
36
21
16
39
12
34
14
17
19
2
38
28
28
39
1
25
9
28
9
30
16
23
9
3
17
40
16
7
16
6
27
12
26
3
10
37
28
15
13
38
16
3
25
35
1
25
20
9
4
20
31
19
34
31
21
10
31
28
8
6
33
35
17
19
29
26
7
16
33
12
13
8
14
37
3
6
13
14
14
16
33
36
27
18
19
39
27
9
27
35
14
11
21
23
29
9
40
28
16
32
39
28
40
4
16
34
9
20
39
14
35
23
2
13
40
20
12
18
28
30
4
33
40
24
15
29
32
7
8
7
38
38
26
29
1
33
14
9
12
12
22
39
34
23
3
25
34
14
3
21
3
6
14
3
30
20
23
13
18
22
12
8
19
29
36
19
14
2
19
25
5
40
15
31
15
18
15
8
31
9
21
26
15
26
20
36
37
34
40
15
15
3
22
33
32
9
11
37
2
21
21
7
12
28
37
26
5
3
26
27
12
38
4
18
23
23
13
11
16
4
17
30
7
38
22
30
39
24
26
32
4
38
38
8
25
26
33
21
29
10
8
32
39
11
9
13
26
13
24
1
16
40
23
14
30
36
3
28
12
20
11
7
18
9
14
34
26
39
15
14
40
14
37
39
24
5
11
1
17
34
2
33
34
16
38
15
11
1
34
14
12
4
21
21
4
34
15
30
32
21
35
32
34
32
22
9
36
32
10
13
18
3
37
11
18
34
17
20
26
10
34
30
13
14
10
17
39
16
6
23
36
40
6
29
31
27
38
19
18
39
23
35
1
19
37
10
4
13
29
22
14
22
11
27
27
12
35
26
28
32
8
23
23
13
4
6
31
33
24
8
31
6
35
23
16
23
32
19
28
20
32
1
34
34
19
20
38
13
37
25
36
36
39
19
40
34
24
30
26
7
30
8
4
24
30
19
38
21
29
25
1
13
26
26
6
36
5
3
1
34
19
36
29
10
14
29
3
29
18
21
27
7
28
30
22
18
40
20
38
29
4
30
1
21
15
38
17
12
1
17
37
19
4
25
20
10
5
23
38
23
3
25
21
30
6
3
7
6
14
37
26
9
18
26
30
33
23
38
36
15
6
32
26
9
8
5
18
13
27
8
27
21
24
7
11
21
1
9
26
14
37
11
15
15
28
4
39
11
33
34
17
38
17
2
6
24
7
16
36
25
15
14
6
38
21
16
10
13
16
36
19
13
38
33
27
26
36
25
28
28
10
4
17
26
38
14
9
4
21
37
28
35
10
33
24
22
40
34
35
8
21
13
20
18
5
38
35
32
22
14
11
31
18
27
8
7
40
8
10
13
36
29
7
6
14
31
19
5
16
5
12
36
17
31
5
13
28
40
36
1
13
38
23
22
24
30
28
16
38
29
28
33
10
26
30
23
8
1
27
23
5
31
10
14
21
15
26
1
6
14
33
18
11
16
32
27
5
11
34
34
32
21
19
1
38
8
15
6
8
33
28
5
23
30
18
36
4
35
36
9
8
20
18
19
35
1
37
32
4
30
17
35
2
35
35
39
35
1
4
34
33
24
38
16
13
15
11
16
10
38
16
9
17
25
19
12
26
15
35
29
4
11
15
5
38
1
4
32
1
39
25
33
22
15
8
34
29
18
1
30
7
8
31
24
33
9
27
10
24
21
30
19
23
4
16
20
4
11
11
4
9
28
36
23
2
36
8
22
5
9
4
12
8
34
27
32
2
13
1
17
25
30
28
7
33
3
19
28
13
21
31
13
8
19
35
1
6
3
15
10
3
18
13
10
3
39
2
36
11
34
13
27
24
40
26
8
2
4
36
6
24
18
18
24
28
5
16
33
7
30
35
1
39
7
10
1
6
3
37
8
29
1
35
4
40
12
11
33
15
38
30
30
8
7
5
35
3
21
28
9
10
22
9
9
20
11
1
25
5
37
25
33
37
11
28
28
22
39
12
36
28
1
17
35
8
22
30
10
2
9
11
3
22
11
3
1
13
4
26
10
32
2
34
21
12
22
8
33
20
20
20
39
20
36
34
19
9
15
21
10
23
23
5
4
33
7
4
38
2
21
7
34
22
40
14
25
21
13
17
32
24
36
31
4
24
16
14
32
30
26
34
4
8
38
39
33
36
34
30
38
15
36
23
28
35
36
13
8
40
21
31
24
17
13
19
40
28
32
23
9
10
8
12
17
5
10
9
33
4
38
22
10
25
4
29
12
39
33
19
30
14
1
13
30
14
31
21
33
15
35
2
24
3
5
32
39
7
1
31
10
30
12
11
15
7
39
26
5
32
36
35
37
36
39
18
1
30
30
34
36
24
27
11
26
31
2
17
37
2
39
38
24
3
40
38
9
31
15
6
14
10
32
10
5
30
27
38
11
16
31
38
39
9
8
17
31
10
25
20
3
23
17
26
25
9
15
26
39
29
31
12
38
22
21
35
3
7
32
14
14
14
11
4
22
11
20
12
20
36
31
14
19
40
40
35
8
14
20
38
3
2
9
32
23
21
18
18
19
9
31
32
14
33
35
27
3
7
31
14
2
13
28
12
12
19
39
11
32
10
40
26
12
8
10
26
28
27
3
38
28
25
29
1
18
16
28
12
22
18
26
15
30
5
19
34
23
17
36
6
26
36
32
29
35
1
15
15
19
17
12
6
2
1
7
11
8
26
14
29
35
39
35
24
35
13
9
17
21
5
23
39
32
6
27
26
38
1
40
16
10
4
22
11
4
20
13
11
5
26
31
39
17
17
14
11
22
23
20
34
19
2
32
2
7
19
27
36
11
19
11
20
22
32
22
17
11
26
19
7
12
1
5
20
9
19
30
30
33
1
24
3
2
7
4
40
17
22
35
28
32
38
39
5
29
13
13
32
38
23
30
9
23
35
28
24
5
10
13
29
10
28
31
4
35
26
3
11
7
30
30
31
27
29
35
7
1
8
30
38
22
20
39
37
6
18
20
10
19
32
38
29
12
20
24
6
5
18
16
3
7
38
33
25
26
28
24
18
27
13
7
8
32
5
4
37
15
23
38
33
7
27
21
18
6
4
15
10
22
22
13
20
19
37
37
36
24
20
13
2
32
20
2
16
16
37
4
30
12
34
23
10
20
35
27
26
31
1
27
4
14
31
23
33
28
19
28
3
30
1
37
22
12
38
29
27
26
24
17
37
17
31
6
37
25
24
14
15
16
32
18
30
23
33
22
2
3
1
36
33
1
32
6
4
21
34
31
7
17
39
35
34
29
33
22
13
16
35
20
32
18
37
13
32
29
34
33
24
34
21
16
27
12
21
30
25
6
12
23
22
10
9
7
38
1
28
3
9
14
22
40
32
10
4
23
39
29
8
14
22
28
29
40
31
9
22
7
14
33
29
27
3
30
34
32
30
13
34
38
19
7
29
2
17
32
16
7
20
23
20
34
2
8
25
25
8
6
23
13
31
4
31
25
33
16
16
22
29
2
12
39
8
32
40
16
24
15
22
35
30
33
20
23
40
37
39
39
34
22
3
24
25
34
8
17
1
16
30
21
9
1
19
8
33
10
24
8
25
37
34
6
30
6
28
29
2
27
20
35
40
14
11
24
39
10
40
40
25
29
20
25
22
39
33
14
8
16
13
24
12
6
21
1
11
9
22
12
27
33
39
18
6
9
1
5
18
40
4
35
20
15
19
1
5
3
6
5
18
18
28
22
24
9
14
26
9
35
38
27
19
28
4
17
36
36
21
5
27
16
31
6
22
2
39
27
4
4
31
14
14
10
35
29
10
40
14
10
35
11
28
5
30
31
21
17
18
33
22
4
8
4
2
22
37
40
8
1
35
38
6
8
39
32
36
9
31
10
18
17
12
6
22
2
28
2
18
6
27
31
1
26
27
2
7
23
1
14
15
36
3
20
35
2
3
23
2
34
24
19
10
27
16
23
20
36
17
30
1
3
12
33
28
38
35
35
13
35
40
27
22
3
39
9
36
1
31
37
34
6
7
36
32
23
18
12
18
34
1
10
28
12
2
16
2
36
2
14
23
1
32
36
3
30
4
30
23
26
26
8
31
33
3
15
7
13
26
24
38
18
25
26
29
26
33
22
14
34
35
36
26
27
23
29
8
27
10
30
4
36
38
35
20
32
9
26
4
26
9
34
3
33
19
23
10
3
5
15
28
31
2
13
17
25
33
25
11
3
6
14
38
3
40
17
35
40
34
30
25
2
23
19
26
33
2
27
35
38
2
22
28
3
35
37
27
27
21
29
29
18
35
18
21
26
26
7
26
19
36
2
12
19
21
29
3
14
16
38
11
9
11
38
11
5
34
30
24
6
18
4
24
4
14
36
30
39
2
7
10
29
8
13
39
28
2
2
1
17
31
11
17
1
1
27
6
34
8
21
32
18
24
15
21
37
2
10
28
3
16
29
23
16
1
22
3
2
15
36
10
5
38
26
5
38
5
2
24
12
22
15
29
38
21
2
26
22
3
5
16
19
33
30
26
34
11
20
27
17
15
37
21
5
22
26
2
18
19
17
30
33
23
10
30
3
11
15
16
14
20
23
24
4
13
9
37
15
28
24
32
35
12
12
39
25
29
40
3
8
9
32
32
31
33
21
34
4
27
1
17
38
24
40
2
28
8
30
2
27
5
33
21
16
37
19
33
25
11
35
24
19
18
15
9
10
27
34
13
14
35
21
11
10
20
4
37
19
34
30
38
30
23
18
6
19
37
38
35
7
24
11
17
33
17
25
2
4
19
7
9
5
27
11
6
39
15
34
9
40
23
6
29
37
24
26
7
12
15
34
10
30
4
26
22
12
2
24
7
12
22
15
8
8
18
5
38
32
38
7
23
13
12
11
9
27
29
8
30
3
1
39
33
36
16
14
7
10
29
14
21
10
20
21
10
37
25
7
20
23
13
2
35
17
5
35
35
25
34
25
19
34
15
11
29
23
17
28
32
37
33
4
39
4
24
8
1
9
14
12
23
19
6
9
27
10
35
21
34
29
37
12
22
4
15
3
26
23
22
9
11
6
4
9
9
20
16
1
20
22
13
2
32
18
2
18
19
36
30
4
24
19
7
38
22
13
32
39
35
13
39
38
10
34
6
18
13
14
19
32
27
23
25
18
32
26
27
10
22
8
5
37
26
11
26
39
24
17
29
10
21
19
7
22
13
5
40
17
10
10
9
36
24
33
13
15
11
31
16
24
38
20
20
16
30
38
6
5
6
35
7
19
5
13
40
17
9
39
34
18
40
34
13
23
18
17
37
28
7
4
11
37
23
23
12
5
20
17
1
25
3
7
3
8
12
3
16
20
33
1
38
25
34
2
7
12
19
36
31
17
31
2
13
14
24
16
10
35
25
10
19
19
9
14
26
20
8
34
39
40
34
28
16
28
22
15
31
32
10
13
8
40
14
13
5
29
20
6
23
4
8
34
23
16
7
40
35
14
33
33
5
19
13
21
38
34
35
20
25
36
32
24
27
6
36
24
26
8
29
1
11
28
34
25
3
32
17
37
5
1
22
1
19
34
13
16
19
39
35
3
26
27
18
13
24
6
28
1
13
8
1
15
36
26
32
38
17
8
35
13
40
8
14
19
1
26
26
11
17
21
5
2
39
22
6
14
27
33
14
39
1
7
6
28
32
37
25
9
4
11
21
3
10
26
13
10
4
39
12
20
11
16
21
1
38
27
6
16
11
19
15
11
17
12
30
9
8
7
9
3
17
29
37
19
15
10
28
10
40
32
29
2
7
9
2
4
27
7
12
38
17
18
40
34
29
30
34
36
36
2
38
4
22
34
22
28
35
2
37
26
33
25
27
31
26
20
27
12
18
38
9
27
15
1
12
3
30
5
38
17
38
27
12
19
20
26
39
7
27
35
32
11
12
19
1
29
38
27
40
8
24
1
34
30
33
5
32
14
9
29
30
38
15
1
8
27
18
6
33
4
33
16
6
36
34
39
24
24
25
15
31
1
7
16
30
39
20
14
12
20
34
33
17
9
26
16
27
3
22
11
39
6
26
4
1
12
2
16
35
19
22
17
11
29
32
32
19
3
5
31
14
31
15
30
39
40
37
17
3
18
27
1
15
12
36
7
15
30
22
9
40
4
17
2
24
40
25
2
34
22
24
7
12
39
28
2
38
25
18
32
34
4
24
9
7
20
15
22
1
29
22
32
32
31
33
7
30
17
8
16
30
32
22
1
30
10
2
19
34
19
11
27
14
34
35
13
5
2
26
5
30
39
28
13
29
20
19
11
29
18
26
18
9
7
19
30
8
12
1
1
23
11
20
36
36
14
40
1
7
25
37
36
16
25
8
4
36
18
6
24
36
31
34
36
30
4
26
37
15
26
30
37
28
9
25
23
14
16
23
21
33
12
16
8
36
16
3
31
33
9
7
20
31
32
16
12
35
33
9
1
10
30
30
37
38
6
19
11
21
34
31
13
37
39
20
32
14
23
14
38
23
20
18
13
11
25
25
37
17
25
30
26
14
19
22
11
24
32
13
4
17
4
17
13
2
28
36
7
10
10
36
24
21
13
37
24
37
13
20
5
37
1
30
2
19
11
4
34
35
16
30
3
19
38
16
12
25
11
10
27
12
6
10
33
10
38
8
39
10
19
3
38
20
33
39
30
35
2
24
21
18
13
24
28
10
31
32
26
33
1
12
5
38
14
29
8
11
36
6
21
14
40
18
33
24
9
23
19
10
38
31
19
2
14
39
11
4
30
28
37
22
32
33
20
5
21
19
15
16
16
27
21
15
37
14
39
5
28
9
6
17
39
25
18
13
23
20
8
4
7
36
25
38
28
36
34
8
14
1
15
29
27
36
36
15
1
34
19
20
34
17
36
32
1
5
36
15
24
4
18
30
31
2
20
19
38
5
18
3
5
25
32
24
12
19
38
12
4
9
23
37
25
10
20
17
14
16
31
37
11
40
18
1
33
29
11
22
34
29
25
38
13
8
13
16
26
3
19
29
11
1
17
27
2
36
35
15
11
25
3
13
16
20
14
8
9
16
30
34
4
14
23
8
21
36
23
38
38
1
18
40
33
34
18
34
29
12
40
40
28
2
12
3
14
17
10
14
33
31
39
28
4
21
28
16
16
10
5
5
3
22
36
27
15
13
13
4
16
12
35
3
6
6
5
11
15
7
16
39
37
14
26
33
34
13
40
2
15
5
6
9
26
2
35
1
6
39
4
22
3
30
16
8
35
13
18
1
19
33
39
7
38
17
31
31
29
31
32
35
35
38
3
12
31
30
12
28
28
7
1
30
36
17
29
23
29
38
15
39
22
14
37
19
30
28
10
10
18
33
5
4
30
39
15
12
20
19
32
40
17
32
21
5
40
10
19
28
39
33
18
21
38
15
31
19
2
32
29
11
25
25
6
6
15
12
18
35
30
1
26
39
32
6
3
24
7
21
11
6
5
21
18
3
35
8
21
28
40
1
30
24
17
35
29
24
6
38
10
28
30
35
18
22
40
12
37
7
32
7
12
28
19
29
30
13
28
3
32
27
3
21
2
12
7
23
35
5
20
4
24
10
38
1
23
29
12
19
35
35
17
38
22
28
18
12
40
6
14
24
32
8
36
26
11
3
8
5
7
27
40
30
28
29
22
2
18
33
12
12
27
21
2
8
8
19
11
7
24
16
22
8
16
18
33
26
20
40
23
18
18
14
39
38
3
20
39
20
12
11
23
30
31
24
29
38
3
32
36
18
7
10
25
14
27
9
32
38
40
14
7
18
27
5
7
29
24
5
40
27
7
23
16
29
38
36
18
40
27
6
10
26
15
34
39
33
35
30
30
34
35
36
3
14
32
9
34
15
6
34
1
12
16
8
1
13
3
10
5
30
15
14
7
29
39
5
13
25
35
2
19
21
29
13
34
20
22
28
26
27
21
18
30
28
25
22
32
20
32
28
1
38
33
7
27
24
11
39
8
37
33
18
18
13
23
3
25
36
30
10
14
2
28
3
21
4
17
5
23
8
32
23
5
17
21
23
32
24
14
39
20
38
9
29
10
23
24
34
18
13
4
31
7
23
33
19
26
9
23
9
8
7
23
5
23
36
27
6
19
32
36
30
29
4
19
39
18
34
32
35
38
27
25
4
9
10
23
35
10
37
35
10
3
9
14
17
4
32
22
22
24
18
12
12
13
22
2
23
15
26
17
12
12
34
8
13
3
30
39
4
18
33
13
21
33
18
29
37
10
3
10
25
12
21
36
16
34
30
38
8
15
15
12
26
8
19
30
2
40
28
5
17
20
10
29
13
27
10
1
36
12
10
20
15
23
8
30
16
37
28
16
3
34
27
20
33
5
10
34
36
37
30
12
9
39
33
13
18
2
13
5
5
14
25
19
28
24
8
4
12
27
11
14
12
37
33
4
33
34
29
28
31
19
31
31
9
23
3
18
16
7
23
20
20
39
30
8
22
30
3
33
16
13
38
28
1
22
23
33
16
12
12
6
22
34
36
30
17
30
40
24
36
22
36
7
20
25
6
1
14
40
25
30
12
14
9
12
35
31
36
10
34
39
7
15
33
34
37
1
23
36
24
18
17
19
17
36
4
22
28
9
22
4
30
25
17
38
29
3
21
24
5
14
23
11
29
7
5
25
7
19
20
30
37
28
1
5
23
36
18
2
4
39
37
34
16
5
23
4
7
3
19
11
9
33
14
29
39
18
13
5
28
24
27
16
11
27
20
25
22
38
18
17
28
14
10
35
18
33
38
24
27
9
27
35
1
40
15
32
9
19
28
36
2
14
12
4
32
23
20
13
20
37
22
40
10
31
34
27
15
24
3
2
32
29
28
24
20
3
15
28
21
3
15
15
8
18
10
40
1
30
4
12
26
25
11
36
8
5
14
22
28
16
15
11
36
35
34
15
29
1
34
1
35
9
15
34
26
17
33
18
6
29
30
23
13
40
10
12
36
24
34
15
31
40
25
27
34
11
1
22
3
27
23
37
35
29
30
12
5
15
22
2
3
11
25
7
2
34
19
38
9
4
12
40
3
29
26
29
31
18
2
33
